Bootcamp Course,Bootcamp Format,Bootcamp Year,Bootcamp Start Date,Campus - Timezone,Created Date,Close Date,Stage,Discount Amount (converted),Scholarship Amount (converted),Amount (converted),Net Amount With VAT (converted),Drop,Drop Reason,how did you hear about us?,Person Account: Gender,Stage Duration,Account: Last Modified Date,First touchpoint Date,Hours Before First Touchpoint
DA,FT,2020,2020-09-11,PAR,2020-07-17,2020-09-30,Closed lost,0.0,0.0,8000.0,8000.0,0,Not specified,Social Media,Male,144.0,2020-08-10,2020-07-17,12.78
DA,FT,2020,2020-03-23,PAR,2020-01-23,2020-03-31,Closed lost,0.0,0.0,7500.0,6375.0,0,Not specified,Social Media,Female,295.0,2020-08-10,2020-12-02,472.28
DA,FT,2020,2020-03-23,PAR,2020-01-27,2020-02-25,Paid Deposit,0.0,0.0,7500.0,6375.0,0,Not specified,google,Male,287.0,2020-04-12,2020-12-03,1084.12
DA,FT,2020,2020-03-23,PAR,2020-01-29,2020-03-31,Closed lost,0.0,0.0,7500.0,6375.0,0,Not specified,google,Male,278.0,2020-10-23,2020-07-02,210.37
UX,FT,2020,2020-03-23,PAR,2020-02-02,2020-03-31,Closed lost,0.0,0.0,8000.0,6800.0,0,Not specified,Social Media,Male,280.0,2020-09-09,2020-12-02,248.9
UX,FT,2020,2020-06-15,PAR,2020-02-14,2020-03-31,Closed lost,0.0,0.0,8000.0,8000.0,0,Not specified,IronhackEvent,Male,252.0,2020-08-10,2020-02-14,0.19
DA,FT,2020,2020-08-06,PAR,2020-02-14,2020-03-31,Closed lost,0.0,0.0,8000.0,8000.0,0,Not specified,google,Female,291.0,2020-08-10,2020-02-14,0.34
DA,FT,2020,2020-08-24,PAR,2020-04-28,2020-08-20,Paid Deposit,0.0,0.0,8000.0,8000.0,0,Not specified,other,Male,130.0,2020-04-12,2020-04-28,0.97
UX,PT,2020,2020-09-21,PAR,2020-05-17,2020-06-30,Closed lost,0.0,0.0,8000.0,8000.0,0,Not specified,newspaperOrMagazine,Female,158.0,2020-08-10,2020-04-06,441.57
DA,FT,2020,2020-08-06,PAR,2020-03-29,2020-03-31,Closed lost,0.0,0.0,8000.0,8000.0,0,Not specified,Social Media,Male,235.0,2020-08-10,2020-03-31,52.33
WD,FT,2020,2020-03-23,PAR,2020-01-23,2020-03-31,Closed lost,0.0,0.0,8000.0,6800.0,0,Not specified,google,Male,288.0,2020-08-10,2020-02-13,500.28
WD,FT,2020,2020-03-23,PAR,2020-01-27,2020-03-31,Closed lost,0.0,0.0,8000.0,6800.0,0,Not specified,IronhackEvent,Male,305.0,2020-08-10,2020-07-02,271.1
UX,FT,2020,2020-06-15,PAR,2020-04-27,2020-06-30,Closed lost,0.0,0.0,8000.0,8000.0,0,Not specified,Referral,Male,196.0,2020-12-10,2020-04-28,24.45
DA,FT,2020,2020-08-24,PAR,2020-04-26,2020-06-30,Closed lost,0.0,0.0,8000.0,8000.0,0,Not specified,google,Male,165.0,2020-08-10,2020-04-27,17.41
WD,PT,2020,2020-02-06,PAR,2020-01-27,2020-03-31,Closed lost,0.0,0.0,8000.0,8000.0,0,Not specified,other,Male,284.0,2020-08-10,2020-07-02,269.28
DA,FT,2020,2020-08-06,PAR,2020-03-04,2020-06-30,Closed lost,800.0,0.0,8000.0,7200.0,0,Not specified,Social Media,Female,228.0,2020-08-10,2020-03-04,4.12
WD,FT,2020,2020-08-06,PAR,2020-02-06,2020-06-30,Closed lost,0.0,0.0,8000.0,8000.0,0,Not specified,google,Male,189.0,2020-08-10,2020-02-06,2.25
DA,FT,2020,2020-08-24,PAR,2020-04-30,2020-06-30,Closed lost,0.0,0.0,8000.0,8000.0,0,Not specified,Referral,Male,217.0,2020-05-05,2020-05-05,117.0
DA,FT,2020,2020-08-06,PAR,2020-04-30,2020-06-30,Closed lost,0.0,0.0,8000.0,8000.0,0,Not specified,other,Male,218.0,2020-09-09,2020-04-05,91.58
WD,PT,2020,2020-02-06,PAR,2020-04-28,2020-06-30,Closed lost,0.0,0.0,8000.0,8000.0,0,Not specified,other,Male,200.0,2020-01-12,2020-04-29,19.77
UX,PT,2020,2020-09-21,PAR,2020-04-05,2020-06-30,Closed lost,0.0,0.0,8000.0,8000.0,0,Not specified,google,Female,204.0,2020-09-18,2020-05-05,15.97
DA,FT,2020,2020-08-06,PAR,2020-04-28,2020-06-30,Closed lost,0.0,0.0,8000.0,8000.0,0,Not specified,google,Female,205.0,2020-09-23,2020-04-29,16.97
WD,FT,2020,2020-08-06,PAR,2020-01-05,2020-06-30,Closed lost,0.0,0.0,8000.0,8000.0,0,Not specified,Social Media,Male,211.0,2020-08-10,2020-04-05,76.3
UX,FT,2020,2020-03-23,PAR,2020-02-02,2020-03-31,Closed lost,0.0,0.0,8000.0,6800.0,0,Not specified,Referral,Male,285.0,2020-08-10,2020-02-26,569.22
WD,FT,2020,2020-08-06,PAR,2020-02-02,2020-03-31,Closed lost,0.0,0.0,8000.0,8000.0,0,Not specified,newspaperOrMagazine,Female,235.0,2020-08-10,2020-06-02,90.47
WD,FT,2020,2020-08-06,PAR,2020-05-05,2020-06-30,Closed lost,0.0,0.0,8000.0,8000.0,0,Not specified,google,Male,197.0,2020-08-10,2020-05-05,2.64
WD,FT,2020,2020-08-06,PAR,2020-01-04,2020-06-30,Closed lost,800.0,0.0,8000.0,7200.0,0,Not specified,other,Female,250.0,2020-08-10,2020-02-04,18.79
UX,FT,2020,2020-06-15,PAR,2020-01-04,2020-06-30,Closed lost,0.0,0.0,8000.0,8000.0,0,Not specified,Referral,Female,228.0,2020-07-12,2020-02-04,16.72
DA,PT,2020,2020-03-06,PAR,2020-01-04,2020-06-30,Closed lost,0.0,0.0,8000.0,8000.0,0,Not specified,newspaperOrMagazine,Female,250.0,2020-08-10,2020-02-04,15.62
DA,FT,2020,2020-08-24,PAR,2020-04-05,2020-06-30,Closed lost,800.0,0.0,8000.0,7200.0,0,Not specified,google,Female,158.0,2020-08-10,2020-04-05,2.31
WD,FT,2020,2020-08-06,PAR,2020-02-04,2020-06-30,Closed lost,800.0,0.0,8000.0,7200.0,0,Not specified,Social Media,Female,235.0,2020-08-10,2020-02-04,14.17
DA,FT,2020,2020-08-06,PAR,2020-01-04,2020-06-30,Closed lost,800.0,0.0,8000.0,7200.0,0,Not specified,IronhackEvent,Female,232.0,2020-03-09,2020-02-04,15.23
WD,FT,2020,2020-08-06,PAR,2020-01-04,2020-06-30,Closed lost,800.0,0.0,8000.0,7200.0,0,Not specified,Social Media,Female,228.0,2020-08-10,2020-02-04,18.57
UX,FT,2020,2020-06-15,PAR,2020-01-04,2020-06-30,Closed lost,0.0,0.0,8000.0,8000.0,0,Not specified,google,Female,228.0,2020-08-10,2020-02-04,18.44
DA,FT,2020,2020-08-06,PAR,2020-02-04,2020-06-30,Closed lost,800.0,0.0,8000.0,7200.0,0,Not specified,google,Female,228.0,2020-08-10,2020-03-04,19.17
DA,FT,2020,2020-08-06,PAR,2020-03-04,2020-06-30,Closed lost,800.0,0.0,8000.0,7200.0,0,Not specified,other,Female,196.0,2020-08-10,2020-06-04,60.13
WD,FT,2020,2020-08-06,PAR,2020-04-28,2020-06-30,Closed lost,0.0,0.0,8000.0,8000.0,0,Not specified,Social Media,Female,217.0,2020-08-10,2020-04-28,5.16
WD,PT,2020,2020-02-06,PAR,2020-04-27,2020-06-30,Closed lost,0.0,0.0,8000.0,8000.0,0,Not specified,google,Male,196.0,2020-08-10,2020-04-27,1.46
WD,PT,2020,2020-02-06,PAR,2020-04-29,2020-06-30,Closed lost,0.0,0.0,8000.0,8000.0,0,Not specified,google,Male,223.0,2020-08-10,2020-04-29,1.41
UX,FT,2020,2020-06-15,PAR,2020-04-28,2020-06-30,Closed lost,0.0,0.0,8000.0,8000.0,0,Not specified,Referral,Female,223.0,2020-09-18,2020-04-29,20.38
WD,FT,2020,2020-08-06,PAR,2020-06-05,2020-06-30,Closed lost,0.0,0.0,8000.0,8000.0,0,Not specified,Social Media,Male,215.0,2020-08-10,2020-07-05,36.87
WD,FT,2020,2020-08-06,PAR,2020-04-28,2020-06-30,Closed lost,0.0,0.0,8000.0,8000.0,0,Not specified,other,Female,215.0,2020-09-09,2020-04-28,4.66
WD,PT,2020,2020-02-06,PAR,2020-02-15,2020-03-31,Closed lost,0.0,0.0,8000.0,8000.0,0,Not specified,Social Media,Male,295.0,2020-08-10,2020-02-17,50.17
UX,FT,2020,2020-03-23,PAR,2020-02-15,2020-03-31,Closed lost,0.0,0.0,8000.0,6800.0,0,Not specified,google,Female,280.0,2020-08-10,2020-02-17,48.71
WD,FT,2020,2020-08-06,PAR,2020-01-28,2020-03-31,Closed lost,0.0,0.0,8000.0,8000.0,0,Not specified,Referral,Male,274.0,2020-09-10,2020-02-27,722.49
DA,FT,2020,2020-08-06,PAR,2020-02-23,2020-03-31,Closed lost,0.0,0.0,8000.0,8000.0,0,Not specified,Social Media,Male,271.0,2020-08-10,2020-02-24,33.52
DA,FT,2020,2020-03-23,PAR,2020-03-02,2020-03-31,Closed lost,0.0,0.0,7500.0,6375.0,0,Not specified,google,Male,284.0,2020-08-10,2020-12-02,216.44
DA,FT,2020,2020-03-23,PAR,2020-02-19,2020-03-18,Paid Deposit,0.0,0.0,8000.0,6800.0,0,Not specified,IronhackEvent,Male,279.0,2020-11-27,2020-02-19,0.16
WD,FT,2020,2020-08-06,PAR,2020-01-03,2020-03-31,Closed lost,0.0,0.0,8000.0,8000.0,0,Not specified,Social Media,Female,281.0,2020-10-20,2020-02-03,30.29
WD,FT,2020,2020-03-23,PAR,2020-01-28,2020-03-31,Closed lost,0.0,0.0,8000.0,6800.0,0,Not specified,google,Male,288.0,2020-08-10,2020-02-14,421.92
WD,FT,2020,2020-03-23,PAR,2020-02-20,2021-07-05,Closed lost,0.0,0.0,8000.0,6800.0,0,Not specified,other,Male,265.0,2020-08-10,2020-02-20,3.29
DA,PT,2020,2020-03-06,PAR,2020-03-19,2020-03-31,Closed lost,0.0,0.0,8000.0,8000.0,0,Not specified,Social Media,Female,259.0,2020-08-10,2020-03-24,120.43
DA,FT,2020,2020-03-23,PAR,2020-01-24,2020-03-31,Closed lost,0.0,0.0,7500.0,6375.0,0,Not specified,google,Male,286.0,2020-08-10,2020-12-02,458.83
WD,FT,2020,2020-03-23,PAR,2020-03-02,2020-03-31,Closed lost,0.0,0.0,8000.0,6800.0,0,Not specified,google,Female,299.0,2020-09-09,2020-07-02,96.66
WD,FT,2020,2020-03-23,PAR,2020-02-16,2020-03-31,Closed lost,0.0,0.0,8000.0,6800.0,0,Not specified,Social Media,Male,284.0,2020-08-10,2020-02-17,31.52
DA,FT,2020,2020-08-06,PAR,2020-06-04,2020-06-30,Closed lost,800.0,0.0,8000.0,7200.0,0,Not specified,other,Female,215.0,2020-08-10,2020-07-04,10.66
DA,PT,2020,2020-03-06,PAR,2020-01-24,2020-03-31,Closed lost,0.0,0.0,8000.0,8000.0,0,Not specified,IronhackEvent,Female,298.0,2020-08-10,2020-12-02,452.62
WD,FT,2020,2020-08-06,PAR,2020-03-31,2020-03-31,Closed lost,800.0,0.0,8000.0,7200.0,0,Not specified,other,Female,218.0,2020-11-27,2020-03-31,0.91
WD,FT,2020,2020-08-24,PAR,2020-01-28,2020-03-31,Closed lost,0.0,0.0,8000.0,8000.0,0,Not specified,newspaperOrMagazine,Female,252.0,2020-09-09,2020-02-14,410.26
WD,FT,2020,2020-08-06,PAR,2020-01-28,2020-03-31,Closed lost,0.0,0.0,8000.0,8000.0,0,Not specified,google,Male,245.0,2020-08-10,2020-02-14,406.02
WD,FT,2020,2020-08-06,PAR,2020-03-02,2021-02-04,Closed lost,0.0,0.0,8000.0,8000.0,0,Not specified,Referral,Male,232.0,2020-08-10,2020-07-02,94.28
DA,FT,2020,2020-03-23,PAR,2020-02-17,2020-03-31,Closed lost,0.0,0.0,8000.0,6800.0,0,Not specified,Social Media,Female,293.0,2020-08-10,2020-02-17,1.04
WD,FT,2020,2020-08-06,PAR,2020-03-30,2020-03-31,Closed lost,800.0,0.0,8000.0,7200.0,0,Not specified,Social Media,Female,235.0,2020-08-10,2020-03-31,19.86
WD,FT,2020,2020-08-24,PAR,2020-03-27,2020-03-31,Closed lost,0.0,0.0,8000.0,8000.0,0,Not specified,Referral,Male,183.0,2020-08-10,2020-03-27,0.65
WD,FT,2020,2020-03-23,PAR,2020-01-22,2020-03-31,Closed lost,0.0,0.0,8000.0,6800.0,0,Not specified,google,Male,305.0,2020-08-10,2020-07-02,381.29
WD,FT,2020,2020-03-23,PAR,2020-01-24,2020-03-31,Closed lost,0.0,0.0,8000.0,6800.0,0,Not specified,Social Media,Female,302.0,2020-09-10,2020-07-02,328.65
DA,FT,2021,2021-11-01,BCN,2020-06-02,2020-06-26,Paid Deposit,500.0,0.0,7000.0,6500.0,0,Not specified,Referral,Male,165.0,2020-04-12,2020-05-05,2138.09
WD,FT,2020,2020-08-06,PAR,2020-02-16,2020-03-31,Closed lost,0.0,0.0,8000.0,8000.0,0,Not specified,Referral,Male,246.0,2020-08-10,2020-02-17,11.08
WD,PT,2020,2020-02-06,PAR,2020-02-17,2020-03-31,Closed lost,0.0,0.0,8000.0,8000.0,0,Not specified,newspaperOrMagazine,Female,286.0,2020-08-10,2020-02-17,9.82
WD,PT,2020,2020-02-06,PAR,2020-03-30,2020-03-31,Closed lost,800.0,0.0,8000.0,7200.0,0,Not specified,other,Female,237.0,2020-08-10,2020-02-04,64.36
UX,PT,2020,2020-09-21,PAR,2020-03-30,2020-03-31,Closed lost,0.0,0.0,8000.0,8000.0,0,Not specified,Social Media,Female,242.0,2020-08-14,2020-03-04,94.4
WD,FT,2020,2020-03-23,PAR,2020-01-22,2020-11-02,Paid Deposit,900.0,0.0,8000.0,7100.0,0,Not specified,Referral,Male,301.0,2020-11-20,2020-02-19,665.29
UX,FT,2020,2020-03-23,PAR,2020-01-22,2020-03-31,Closed lost,0.0,0.0,8000.0,6800.0,0,Not specified,other,Female,291.0,2020-08-10,2020-12-02,504.56
WD,FT,2020,2020-03-23,PAR,2020-01-24,2020-03-31,Closed lost,0.0,0.0,8000.0,6800.0,0,Not specified,Social Media,Male,291.0,2020-08-10,2020-07-02,326.58
WD,FT,2020,2020-03-23,PAR,2020-01-25,2020-03-31,Closed lost,0.0,0.0,8000.0,6800.0,0,Not specified,Social Media,Male,302.0,2020-08-10,2020-07-02,329.9
DA,FT,2020,2020-03-23,PAR,2020-01-25,2020-03-31,Closed lost,0.0,0.0,7500.0,6375.0,0,Not specified,Social Media,Male,305.0,2020-11-24,2020-07-02,326.0
UX,FT,2020,2020-06-15,PAR,2020-03-13,2020-03-31,Closed lost,0.0,0.0,8000.0,8000.0,0,Not specified,Social Media,Male,245.0,2020-09-09,2020-03-13,8.12
UX,FT,2020,2020-06-15,PAR,2020-03-19,2020-03-31,Closed lost,0.0,0.0,8000.0,8000.0,0,Not specified,Referral,Female,236.0,2020-08-10,2020-03-24,123.98
UX,FT,2020,2020-06-15,PAR,2020-03-31,2020-04-13,Paid Deposit,1200.0,0.0,8000.0,6800.0,0,Not specified,Referral,Female,244.0,2020-06-11,2020-02-04,35.05
UX,FT,2020,2020-08-24,PAR,2020-06-25,2020-06-30,Closed lost,0.0,0.0,8000.0,8000.0,0,Not specified,google,Female,158.0,2020-08-10,2020-06-25,1.13
WD,FT,2020,2020-08-06,PAR,2020-03-31,2020-03-31,Closed lost,800.0,0.0,8000.0,7200.0,0,Not specified,Referral,Female,231.0,2020-08-10,2020-03-31,1.08
WD,FT,2020,2020-08-06,PAR,2020-01-04,2020-06-30,Closed lost,800.0,0.0,8000.0,7200.0,0,Not specified,google,Female,250.0,2020-08-10,2020-02-04,14.73
UX,FT,2020,2020-06-15,PAR,2020-03-30,2020-03-31,Closed lost,0.0,0.0,8000.0,8000.0,0,Not specified,Referral,Female,252.0,2020-08-10,2020-03-31,17.51
DA,PT,2020,2020-03-06,PAR,2020-03-30,2020-03-31,Closed lost,800.0,0.0,8000.0,7200.0,0,Not specified,newspaperOrMagazine,Female,215.0,2020-05-12,2020-02-04,64.78
DA,FT,2020,2020-09-11,PAR,2020-06-22,2020-06-30,Closed lost,0.0,0.0,8000.0,8000.0,0,Not specified,switchup,Female,112.0,2020-09-10,2020-06-23,10.53
DA,PT,2020,2020-03-06,PAR,2020-01-04,2020-06-30,Closed lost,0.0,0.0,8000.0,8000.0,0,Not specified,other,Male,190.0,2020-08-10,2020-01-04,0.62
DA,PT,2020,2020-03-06,PAR,2020-03-30,2020-03-31,Closed lost,0.0,0.0,8000.0,8000.0,0,Not specified,other,Female,203.0,2020-08-10,2020-03-31,19.65
UX,PT,2020,2020-09-21,PAR,2020-06-19,2020-06-30,Closed lost,0.0,0.0,8000.0,8000.0,0,Not specified,other,Male,112.0,2020-08-18,2020-06-22,59.56
DA,FT,2020,2020-08-06,PAR,2020-03-30,2020-03-31,Closed lost,0.0,0.0,8000.0,8000.0,0,Not specified,google,Female,209.0,2020-08-10,2020-03-31,19.77
WD,PT,2020,2020-02-06,PAR,2020-03-30,2020-03-31,Closed lost,0.0,0.0,8000.0,8000.0,0,Not specified,other,Female,196.0,2020-08-10,2020-03-31,18.56
UX,FT,2020,2020-06-15,PAR,2020-03-30,2020-03-31,Closed lost,0.0,0.0,8000.0,8000.0,0,Not specified,other,Male,230.0,2020-08-10,2020-04-16,401.21
WD,FT,2020,2020-08-06,PAR,2020-03-31,2020-03-31,Closed lost,0.0,0.0,8000.0,8000.0,0,Not specified,Social Media,Female,235.0,2020-08-10,2020-03-31,2.23
UX,FT,2020,2020-06-15,PAR,2020-03-31,2020-03-31,Closed lost,0.0,0.0,8000.0,8000.0,0,Not specified,IronhackEvent,Female,228.0,2020-08-10,2020-01-04,11.87
UX,FT,2020,2020-06-15,PAR,2020-03-31,2020-03-31,Closed lost,0.0,0.0,8000.0,8000.0,0,Not specified,Social Media,Female,237.0,2020-06-10,2020-03-31,4.23
WD,FT,2020,2020-08-06,PAR,2020-01-04,2020-06-30,Closed lost,800.0,0.0,8000.0,7200.0,0,Not specified,newspaperOrMagazine,Female,230.0,2020-08-10,2020-02-04,18.49
DA,PT,2020,2020-03-06,PAR,2020-06-04,2020-06-30,Closed lost,0.0,0.0,8000.0,8000.0,0,Not specified,Social Media,Male,242.0,2020-08-10,2020-07-04,24.27
WD,FT,2020,2020-08-06,PAR,2020-01-04,2020-06-30,Paid Deposit,0.0,0.0,8000.0,8000.0,0,Not specified,other,Female,216.0,2020-10-14,2020-01-04,0.16
DA,FT,2020,2020-08-06,PAR,2020-03-30,2020-03-31,Closed lost,0.0,0.0,8000.0,8000.0,0,Not specified,google,Female,232.0,2020-08-10,2020-03-31,19.72
WD,FT,2020,2020-08-06,PAR,2020-01-04,2020-06-30,Closed lost,800.0,0.0,8000.0,7200.0,0,Not specified,quora,Female,235.0,2020-08-10,2020-02-04,14.38
UX,PT,2020,2020-09-21,PAR,2020-01-04,2020-06-30,Closed lost,0.0,0.0,8000.0,8000.0,0,Not specified,other,Female,237.0,2020-08-10,2020-02-04,15.31
UX,FT,2020,2020-06-15,PAR,2020-03-30,2020-03-31,Closed lost,0.0,0.0,8000.0,8000.0,0,Not specified,Social Media,Female,210.0,2020-08-10,2020-03-31,19.55
WD,FT,2020,2020-08-06,PAR,2020-02-04,2020-06-30,Closed lost,0.0,0.0,8000.0,8000.0,0,Not specified,other,Female,250.0,2020-09-18,2020-02-04,10.9
DA,PT,2020,2020-03-06,PAR,2020-05-04,2020-06-30,Closed lost,0.0,0.0,8000.0,8000.0,0,Not specified,other,Female,245.0,2020-08-14,2020-07-04,51.25
UX,PT,2020,2020-09-21,PAR,2020-01-04,2020-06-30,Closed lost,0.0,0.0,8000.0,8000.0,0,Not specified,other,Female,237.0,2020-08-10,2020-02-04,12.54
WD,FT,2020,2020-08-06,PAR,2020-01-04,2020-06-30,Closed lost,800.0,0.0,8000.0,7200.0,0,Not specified,other,Female,246.0,2020-08-10,2020-01-04,3.88
WD,FT,2020,2020-08-24,PAR,2020-06-17,2020-06-29,Paid Deposit,0.0,0.0,8000.0,8000.0,0,Not specified,google,Male,168.0,2020-04-12,2020-06-17,0.32
WD,PT,2020,2020-02-06,PAR,2020-03-30,2020-03-31,Closed lost,0.0,0.0,8000.0,8000.0,0,Not specified,Social Media,Female,237.0,2020-08-10,2020-03-04,94.61
DA,FT,2020,2020-08-06,PAR,2020-02-04,2020-06-30,Closed lost,0.0,0.0,8000.0,8000.0,0,Not specified,Social Media,Male,210.0,2020-08-10,2020-03-04,18.79
WD,FT,2020,2020-08-06,PAR,2020-03-31,2020-03-31,Closed lost,0.0,0.0,8000.0,8000.0,0,Not specified,other,Male,252.0,2020-08-10,2020-04-29,693.73
WD,FT,2020,2020-08-06,PAR,2020-05-04,2020-06-30,Closed lost,800.0,0.0,8000.0,7200.0,0,Not specified,other,Female,235.0,2020-08-10,2020-07-04,40.26
UX,FT,2020,2020-06-15,PAR,2020-03-31,2020-03-31,Closed lost,0.0,0.0,8000.0,8000.0,0,Not specified,Social Media,Female,252.0,2020-08-10,2020-03-31,4.06
WD,FT,2020,2020-08-06,PAR,2020-03-31,2020-03-31,Closed lost,0.0,0.0,8000.0,8000.0,0,Not specified,Social Media,Female,250.0,2020-08-10,2020-03-31,0.16
WD,PT,2020,2020-02-06,PAR,2020-04-23,2020-06-30,Closed lost,0.0,0.0,8000.0,8000.0,0,Not specified,Referral,Female,211.0,2020-08-10,2020-04-24,14.62
UX,FT,2020,2020-03-23,PAR,2020-02-28,2020-03-31,Closed lost,0.0,0.0,8000.0,6800.0,0,Not specified,other,Female,272.0,2020-08-10,2020-03-03,100.39
DA,FT,2020,2020-08-06,PAR,2020-03-14,2020-03-31,Closed lost,0.0,0.0,8000.0,8000.0,0,Not specified,Social Media,Female,245.0,2020-08-10,2020-03-16,41.43
WD,FT,2020,2020-08-06,PAR,2020-03-13,2020-03-31,Closed lost,0.0,0.0,8000.0,8000.0,0,Not specified,Referral,Female,269.0,2020-08-10,2020-03-14,14.9
WD,PT,2020,2020-02-06,PAR,2020-01-31,2020-03-31,Closed lost,0.0,0.0,8000.0,8000.0,0,Not specified,Referral,Male,249.0,2020-08-10,2020-03-31,1448.74
WD,FT,2020,2020-03-23,PAR,2020-02-13,2020-03-31,Closed lost,0.0,0.0,8000.0,6800.0,0,Not specified,Referral,Female,292.0,2020-08-10,2020-02-13,1.67
WD,FT,2020,2020-08-06,PAR,2020-03-29,2020-03-31,Closed lost,800.0,0.0,8000.0,7200.0,0,Not specified,other,Female,236.0,2020-08-10,2020-03-31,46.25
UX,FT,2020,2020-03-23,PAR,2020-02-17,2020-03-31,Closed lost,0.0,0.0,8000.0,6800.0,0,Not specified,google,Female,295.0,2020-08-10,2020-02-17,0.32
UX,FT,2020,2020-06-15,PAR,2020-03-30,2020-03-31,Closed lost,0.0,0.0,8000.0,8000.0,0,Not specified,google,Female,228.0,2020-09-18,2020-03-31,19.53
WD,FT,2020,2020-08-06,PAR,2020-03-30,2020-03-31,Closed lost,800.0,0.0,8000.0,7200.0,0,Not specified,other,Female,228.0,2020-08-10,2020-03-31,19.7
WD,PT,2020,2020-02-06,PAR,2020-01-22,2020-03-31,Closed lost,0.0,0.0,8000.0,8000.0,0,Not specified,Social Media,Male,302.0,2020-08-10,2020-07-02,377.32
WD,FT,2020,2020-03-23,PAR,2020-01-28,2020-03-31,Closed lost,0.0,0.0,8000.0,6800.0,0,Not specified,google,Male,299.0,2020-09-09,2020-07-02,236.78
WD,FT,2020,2020-08-06,PAR,2020-01-31,2020-03-31,Closed lost,0.0,0.0,8000.0,8000.0,0,Not specified,other,Male,245.0,2020-08-10,2020-02-19,466.83
WD,FT,2020,2020-09-11,PAR,2020-06-25,2020-06-30,Closed lost,0.0,0.0,8000.0,8000.0,0,Not specified,other,Male,99.0,2020-02-11,2020-06-25,2.6
DA,FT,2020,2020-08-06,PAR,2020-03-30,2020-03-31,Closed lost,800.0,0.0,8000.0,7200.0,0,Not specified,other,Female,228.0,2020-08-10,2020-03-31,18.02
UX,FT,2020,2020-03-23,PAR,2020-01-31,2020-03-31,Closed lost,0.0,0.0,8000.0,6800.0,0,Not specified,other,Female,284.0,2020-08-10,2020-12-02,294.78
WD,FT,2020,2020-03-23,PAR,2020-01-31,2020-03-31,Closed lost,0.0,0.0,8000.0,6800.0,0,Not specified,other,Female,294.0,2020-08-10,2020-02-14,338.7
WD,FT,2020,2020-03-23,PAR,2020-03-03,2020-03-31,Closed lost,800.0,0.0,8000.0,6120.0,0,Not specified,google,Female,265.0,2020-03-18,2020-03-03,0.87
UX,FT,2020,2020-03-23,PAR,2020-02-03,2020-03-31,Closed lost,0.0,0.0,8000.0,6800.0,0,Not specified,other,Female,265.0,2020-08-10,2020-02-03,0.35
DA,FT,2020,2020-03-23,PAR,2020-02-13,2020-03-31,Closed lost,0.0,0.0,8000.0,6800.0,0,Not specified,google,Female,284.0,2020-08-10,2020-02-13,0.23
DA,FT,2020,2020-03-23,PAR,2020-01-23,2020-03-31,Closed lost,0.0,0.0,7500.0,6375.0,0,Not specified,Social Media,Female,295.0,2020-08-10,2020-07-02,374.1
WD,FT,2020,2020-03-23,PAR,2020-01-23,2020-03-31,Closed lost,0.0,0.0,8000.0,6800.0,0,Not specified,Social Media,Male,295.0,2020-08-10,2020-07-02,365.51
WD,FT,2020,2020-03-23,PAR,2020-01-23,2020-03-31,Closed lost,0.0,0.0,8000.0,6800.0,0,Not specified,Social Media,Male,295.0,2020-08-10,2020-02-14,532.23
DA,FT,2020,2020-03-23,PAR,2020-01-26,2020-03-31,Closed lost,0.0,0.0,7500.0,6375.0,0,Not specified,google,Male,284.0,2020-08-10,2020-07-02,300.3
DA,FT,2020,2020-03-23,PAR,2020-01-29,2020-03-31,Closed lost,0.0,0.0,7500.0,6375.0,0,Not specified,Social Media,Male,295.0,2020-08-10,2020-12-02,340.32
UX,FT,2020,2020-03-23,PAR,2020-02-13,2020-03-31,Closed lost,0.0,0.0,8000.0,6800.0,0,Not specified,google,Female,288.0,2020-08-10,2020-02-14,16.09
WD,FT,2020,2020-03-23,PAR,2020-01-26,2020-03-31,Closed lost,0.0,0.0,8000.0,6800.0,0,Not specified,Social Media,Male,293.0,2020-08-10,2020-02-14,459.87
WD,FT,2020,2020-03-23,PAR,2020-01-29,2020-03-31,Closed lost,0.0,0.0,8000.0,6800.0,0,Not specified,other,Male,292.0,2020-08-10,2020-07-02,220.49
DA,FT,2020,2020-03-23,PAR,2020-01-31,2020-03-31,Closed lost,0.0,0.0,7500.0,6375.0,0,Not specified,google,Male,292.0,2020-08-10,2020-11-02,255.5
WD,FT,2020,2020-03-23,PAR,2020-01-26,2020-03-31,Closed lost,0.0,0.0,8000.0,6800.0,0,Not specified,google,Female,298.0,2020-08-10,2020-02-14,448.28
DA,FT,2020,2020-03-23,PAR,2020-01-02,2020-03-31,Closed lost,0.0,0.0,7500.0,6375.0,0,Not specified,google,Male,299.0,2020-08-10,2020-07-02,146.83
UX,FT,2020,2020-06-15,PAR,2020-03-30,2020-03-31,Closed lost,800.0,0.0,8000.0,7200.0,0,Not specified,IronhackEvent,Female,208.0,2020-08-10,2020-06-04,174.48
WD,FT,2020,2020-03-23,PAR,2020-01-23,2020-03-31,Closed lost,0.0,0.0,8000.0,6800.0,0,Not specified,other,Female,293.0,2020-09-09,2020-02-19,648.22
WD,FT,2020,2020-03-23,PAR,2020-01-23,2020-03-31,Closed lost,0.0,0.0,8000.0,6800.0,0,Not specified,other,Male,299.0,2020-08-10,2020-07-02,361.06
WD,FT,2020,2020-03-23,PAR,2020-01-26,2020-03-31,Closed lost,0.0,0.0,8000.0,6800.0,0,Not specified,Social Media,Female,294.0,2020-08-10,2020-07-02,280.13
WD,FT,2020,2020-03-23,PAR,2020-01-26,2020-03-31,Closed lost,0.0,0.0,8000.0,6800.0,0,Not specified,Social Media,Female,299.0,2020-08-10,2020-10-02,352.08
WD,FT,2020,2020-03-23,PAR,2020-01-27,2020-03-31,Closed lost,0.0,0.0,8000.0,6800.0,0,Not specified,Social Media,Male,291.0,2020-08-10,2020-07-02,280.36
WD,FT,2020,2020-08-06,PAR,2020-03-30,2020-03-31,Closed lost,800.0,0.0,8000.0,7200.0,0,Not specified,switchup,Female,243.0,2020-08-10,2020-03-31,24.31
UX,FT,2020,2020-06-15,PAR,2020-02-19,2020-04-05,Paid Deposit,300.0,0.0,8000.0,7700.0,0,Not specified,Referral,Female,224.0,2020-10-16,2020-02-19,0.11
DA,FT,2020,2020-03-23,PAR,2020-03-27,2020-03-31,Closed lost,0.0,0.0,8000.0,6800.0,0,Not specified,google,Female,252.0,2020-08-10,2020-03-31,89.88
DA,PT,2020,2020-03-06,PAR,2020-02-14,2020-03-31,Closed lost,0.0,0.0,8000.0,8000.0,0,Not specified,google,Male,288.0,2020-08-10,2020-02-14,0.22
WD,FT,2020,2020-08-06,PAR,2020-03-18,2020-03-31,Closed lost,0.0,0.0,8000.0,8000.0,0,Not specified,Social Media,Female,252.0,2020-08-10,2020-03-20,51.71
DA,PT,2020,2020-03-06,PAR,2020-02-24,2020-03-31,Closed lost,0.0,0.0,8000.0,8000.0,0,Not specified,Social Media,Male,279.0,2020-08-10,2020-02-25,13.8
DA,FT,2020,2020-03-23,PAR,2020-02-03,2020-03-31,Closed lost,0.0,0.0,8000.0,6800.0,0,Not specified,other,Male,273.0,2020-08-10,2020-02-03,7.94
DA,FT,2020,2020-03-23,PAR,2020-02-27,2020-03-31,Closed lost,0.0,0.0,8000.0,6800.0,0,Not specified,other,Male,274.0,2020-08-10,2020-02-27,0.11
DA,FT,2020,2020-08-06,PAR,2020-01-03,2020-03-31,Closed lost,0.0,0.0,8000.0,8000.0,0,Not specified,Referral,Female,274.0,2020-08-10,2020-02-03,12.79
WD,FT,2020,2020-08-24,PAR,2020-02-29,2020-03-31,Closed lost,800.0,0.0,8000.0,7200.0,0,Not specified,IronhackEvent,Female,238.0,2020-06-11,2020-02-03,46.91
DA,FT,2020,2020-08-06,PAR,2020-03-13,2020-03-31,Closed lost,0.0,0.0,8000.0,8000.0,0,Not specified,google,Female,245.0,2020-08-10,2020-03-13,9.49
DA,FT,2020,2020-08-06,PAR,2020-01-04,2020-06-30,Closed lost,800.0,0.0,8000.0,7200.0,0,Not specified,other,Female,216.0,2020-08-10,2020-02-04,18.83
UX,FT,2020,2020-08-24,PAR,2020-02-03,2020-03-31,Closed lost,0.0,0.0,8000.0,8000.0,0,Not specified,Social Media,Male,154.0,2020-08-10,2020-02-03,0.67
DA,FT,2020,2020-03-23,PAR,2020-01-29,2020-03-31,Closed lost,0.0,0.0,7500.0,6375.0,0,Not specified,other,Female,270.0,2020-10-23,2020-12-02,330.12
UX,FT,2020,2020-03-23,PAR,2020-02-02,2020-03-31,Closed lost,0.0,0.0,8000.0,6800.0,0,Not specified,other,Female,300.0,2020-08-10,2020-12-02,235.35
WD,FT,2020,2020-08-24,PAR,2020-03-14,2020-03-31,Closed lost,0.0,0.0,8000.0,8000.0,0,Not specified,newspaperOrMagazine,Male,245.0,2020-08-10,2020-06-05,1265.76
UX,FT,2020,2020-06-15,PAR,2020-03-04,2020-06-30,Closed lost,0.0,0.0,8000.0,8000.0,0,Not specified,other,Female,228.0,2020-08-10,2020-06-04,66.19
WD,FT,2020,2020-08-06,PAR,2020-03-15,2020-03-31,Closed lost,0.0,0.0,8000.0,8000.0,0,Not specified,google,Male,246.0,2020-08-10,2020-03-16,21.37
DA,PT,2020,2020-03-06,PAR,2020-03-18,2020-03-31,Closed lost,0.0,0.0,8000.0,8000.0,0,Not specified,Social Media,Female,245.0,2020-08-10,2020-03-24,149.2
DA,PT,2020,2020-03-06,PAR,2020-03-17,2020-03-31,Closed lost,0.0,0.0,8000.0,8000.0,0,Not specified,google,Male,245.0,2020-08-14,2020-03-17,1.62
UX,FT,2020,2020-06-15,PAR,2020-03-26,2020-03-31,Closed lost,0.0,0.0,8000.0,8000.0,0,Not specified,google,Female,251.0,2020-08-14,2020-03-31,109.88
WD,FT,2020,2020-08-06,PAR,2020-02-28,2020-03-31,Closed lost,0.0,0.0,8000.0,8000.0,0,Not specified,other,Female,197.0,2020-04-12,2020-02-28,0.1
UX,FT,2020,2020-06-15,PAR,2020-03-23,2020-03-31,Closed lost,0.0,0.0,8000.0,8000.0,0,Not specified,Referral,Female,235.0,2020-08-14,2020-03-24,19.69
WD,FT,2021,2021-10-18,BCN,2020-03-26,2020-11-05,Paid Deposit,500.0,0.0,7000.0,6500.0,0,Not specified,Referral,Male,216.0,2020-09-16,2020-03-27,27.01
DA,PT,2020,2020-03-06,PAR,2020-03-24,2020-03-31,Closed lost,0.0,0.0,8000.0,8000.0,0,Not specified,Social Media,Male,197.0,2020-08-10,2020-03-24,12.96
WD,FT,2020,2020-08-06,PAR,2020-03-25,2020-03-31,Closed lost,0.0,0.0,8000.0,8000.0,0,Not specified,Referral,Female,235.0,2020-09-09,2020-03-31,135.98
WD,FT,2020,2020-09-11,PAR,2020-03-24,2020-04-20,Paid Deposit,0.0,0.0,8000.0,8000.0,1,Got a job,Social Media,Male,232.0,2020-04-12,2020-03-24,3.82
WD,FT,2020,2020-08-06,PAR,2020-03-25,2020-03-31,Closed lost,0.0,0.0,8000.0,8000.0,0,Not specified,Referral,Female,232.0,2020-08-10,2020-03-31,134.32
DA,FT,2020,2020-08-06,PAR,2020-03-27,2020-03-31,Closed lost,0.0,0.0,8000.0,8000.0,0,Not specified,google,Male,228.0,2020-08-10,2020-03-31,87.96
DA,FT,2020,2020-08-06,PAR,2020-03-28,2020-03-31,Closed lost,0.0,0.0,8000.0,8000.0,0,Not specified,google,Female,221.0,2020-08-10,2020-03-31,69.47
WD,PT,2020,2020-02-06,PAR,2020-03-26,2020-03-31,Closed lost,800.0,0.0,8000.0,7200.0,0,Not specified,other,Female,216.0,2020-08-10,2020-04-23,672.34
WD,FT,2020,2020-08-06,PAR,2020-02-25,2020-03-31,Closed lost,0.0,0.0,8000.0,8000.0,0,Not specified,quora,Female,258.0,2020-10-20,2020-02-25,0.26
DA,FT,2020,2020-08-24,PAR,2020-03-22,2020-03-31,Closed lost,0.0,0.0,8000.0,8000.0,0,Not specified,google,Male,215.0,2020-08-10,2020-03-24,48.91
DA,FT,2020,2020-08-24,PAR,2020-01-07,2020-09-30,Closed lost,0.0,0.0,8000.0,8000.0,0,Not specified,other,Prefer not to disclose,154.0,2020-04-12,2020-01-07,0.19
DA,FT,2020,2020-08-24,PAR,2020-01-07,2020-09-30,Closed lost,0.0,0.0,8000.0,8000.0,0,Not specified,google,Female,132.0,2020-08-10,2020-06-07,120.01
WD,FT,2020,2020-03-23,PAR,2020-02-20,2020-03-31,Closed lost,0.0,0.0,8000.0,6800.0,0,Not specified,Referral,Male,279.0,2020-08-10,2020-02-20,1.98
WD,FT,2020,2020-08-06,PAR,2020-02-20,2020-03-31,Closed lost,0.0,0.0,8000.0,8000.0,0,Not specified,google,Male,285.0,2020-09-09,2020-02-20,0.23
DA,PT,2020,2020-10-19,PAR,2020-02-23,2020-03-31,Closed lost,0.0,0.0,8000.0,8000.0,0,Not specified,google,Male,256.0,2020-09-09,2020-02-24,18.17
UX,FT,2020,2020-06-15,PAR,2020-01-03,2020-03-31,Closed lost,0.0,0.0,8000.0,8000.0,0,Not specified,other,Female,246.0,2020-08-10,2020-12-03,276.71
DA,FT,2020,2020-03-23,PAR,2020-02-20,2020-03-31,Closed lost,0.0,0.0,8000.0,6800.0,0,Not specified,other,Female,285.0,2020-08-10,2020-02-20,0.2
DA,PT,2020,2020-03-06,PAR,2020-02-20,2020-03-31,Closed lost,0.0,0.0,8000.0,8000.0,0,Not specified,IronhackEvent,Male,208.0,2020-08-10,2020-02-20,3.27
WD,FT,2020,2020-08-06,PAR,2020-02-23,2020-03-31,Closed lost,0.0,0.0,8000.0,8000.0,0,Not specified,Social Media,Male,281.0,2020-08-10,2020-02-24,13.71
DA,FT,2020,2020-03-23,PAR,2020-02-23,2020-09-03,Paid Deposit,0.0,0.0,8000.0,6800.0,0,Not specified,Social Media,Male,275.0,2020-01-10,2020-02-24,12.81
DA,FT,2020,2020-03-23,PAR,2020-02-25,2020-03-31,Closed lost,0.0,0.0,8000.0,6800.0,0,Not specified,Social Media,Male,279.0,2020-08-10,2020-02-26,12.51
WD,FT,2020,2020-08-06,PAR,2020-02-27,2020-03-04,Paid Deposit,0.0,0.0,8000.0,8000.0,0,Not specified,google,Male,251.0,2020-10-11,2020-02-27,0.87
DA,FT,2020,2020-03-23,PAR,2020-02-17,2020-03-31,Closed lost,0.0,0.0,8000.0,6800.0,0,Not specified,google,Male,285.0,2020-09-09,2020-02-18,12.41
WD,FT,2020,2020-03-23,PAR,2020-02-20,2020-03-31,Closed lost,0.0,0.0,8000.0,6800.0,0,Not specified,other,Male,289.0,2020-08-10,2020-02-20,3.17
WD,FT,2020,2020-08-06,PAR,2020-02-24,2020-03-31,Closed lost,0.0,0.0,8000.0,8000.0,0,Not specified,Social Media,Female,285.0,2020-08-10,2020-02-24,8.73
DA,FT,2020,2020-08-06,PAR,2020-03-17,2020-03-31,Closed lost,0.0,0.0,8000.0,8000.0,0,Not specified,Social Media,Male,253.0,2020-08-10,2020-03-17,0.15
WD,FT,2020,2020-08-06,PAR,2020-02-18,2020-03-31,Closed lost,0.0,0.0,8000.0,8000.0,0,Not specified,google,Female,249.0,2020-08-10,2020-02-19,33.24
WD,PT,2020,2020-02-06,PAR,2020-02-20,2020-03-31,Closed lost,0.0,0.0,8000.0,8000.0,0,Not specified,Social Media,Male,292.0,2020-08-10,2020-02-20,0.27
WD,PT,2020,2020-02-06,PAR,2020-02-24,2020-03-31,Closed lost,0.0,0.0,8000.0,8000.0,0,Not specified,other,Female,288.0,2020-09-18,2020-02-24,4.35
UX,PT,2020,2020-09-21,PAR,2020-02-24,2020-03-31,Closed lost,0.0,0.0,8000.0,8000.0,0,Not specified,Social Media,Male,249.0,2020-08-10,2020-02-24,0.32
WD,FT,2020,2020-08-06,PAR,2020-03-14,2020-03-31,Closed lost,0.0,0.0,8000.0,8000.0,0,Not specified,Social Media,Female,245.0,2020-08-10,2020-03-16,38.61
WD,FT,2020,2020-03-23,PAR,2020-02-18,2020-03-31,Closed lost,0.0,0.0,8000.0,6800.0,0,Not specified,google,Male,292.0,2020-08-10,2020-02-18,3.53
WD,FT,2020,2020-03-23,PAR,2020-02-18,2020-02-21,Paid Deposit,804.0,0.0,8000.0,7196.0,0,Not specified,Social Media,Male,291.0,2020-04-12,2020-02-18,2.44
WD,PT,2020,2020-02-06,PAR,2020-02-24,2020-03-31,Closed lost,0.0,0.0,8000.0,8000.0,0,Not specified,google,Male,287.0,2020-08-10,2020-02-24,1.57
UX,FT,2020,2020-03-23,PAR,2020-02-27,2020-12-03,Paid Deposit,900.0,0.0,8000.0,7100.0,0,Not specified,Referral,Female,277.0,2020-09-19,2020-02-27,0.09
WD,FT,2020,2020-03-23,PAR,2020-02-18,2020-03-31,Closed lost,0.0,0.0,8000.0,6800.0,0,Not specified,google,Female,293.0,2020-08-10,2020-02-18,1.09
WD,FT,2020,2020-08-06,PAR,2020-02-18,2020-03-31,Closed lost,0.0,0.0,8000.0,8000.0,0,Not specified,newspaperOrMagazine,Female,246.0,2020-08-10,2020-02-18,0.18
DA,FT,2020,2020-03-23,PAR,2020-02-21,2020-03-31,Closed lost,0.0,0.0,8000.0,6800.0,0,Not specified,Social Media,Male,284.0,2020-08-10,2020-02-21,6.08
WD,FT,2020,2020-03-23,PAR,2020-02-24,2020-03-31,Closed lost,0.0,0.0,8000.0,6800.0,0,Not specified,google,Female,288.0,2020-08-10,2020-02-24,1.4
DA,FT,2020,2020-03-23,PAR,2020-02-27,2020-03-31,Closed lost,0.0,0.0,8000.0,6800.0,0,Not specified,Social Media,Male,278.0,2020-08-10,2020-02-27,0.85
WD,FT,2020,2020-08-06,PAR,2020-02-24,2020-03-31,Closed lost,0.0,0.0,8000.0,8000.0,0,Not specified,google,Male,277.0,2020-09-09,2020-02-25,11.56
WD,PT,2020,2020-02-06,PAR,2020-02-26,2020-03-31,Closed lost,0.0,0.0,8000.0,8000.0,0,Not specified,Social Media,Male,251.0,2020-08-10,2020-02-26,0.2
DA,PT,2020,2020-10-19,PAR,2020-02-27,2020-03-31,Closed lost,0.0,0.0,8000.0,8000.0,0,Not specified,other,Male,249.0,2020-08-10,2020-02-27,0.27
WD,PT,2020,2020-02-06,PAR,2020-02-25,2020-03-31,Closed lost,0.0,0.0,8000.0,8000.0,0,Not specified,google,Male,284.0,2020-08-10,2020-02-25,5.31
DA,PT,2020,2020-03-06,PAR,2020-02-21,2020-03-31,Closed lost,0.0,0.0,8000.0,8000.0,0,Not specified,Social Media,Male,285.0,2020-09-09,2020-02-24,60.76
UX,FT,2020,2020-03-23,PAR,2020-02-19,2020-03-31,Closed lost,0.0,0.0,8000.0,6800.0,0,Not specified,newspaperOrMagazine,Male,285.0,2020-08-10,2020-02-19,0.5
WD,FT,2020,2020-08-06,PAR,2020-02-21,2020-03-31,Closed lost,0.0,0.0,8000.0,8000.0,0,Not specified,newspaperOrMagazine,Male,281.0,2020-08-10,2020-02-24,59.91
WD,FT,2020,2020-03-23,PAR,2020-03-03,2020-03-31,Closed lost,0.0,0.0,8000.0,6800.0,0,Not specified,Social Media,Male,273.0,2020-08-10,2020-03-03,4.9
WD,FT,2020,2020-03-23,PAR,2020-02-27,2020-03-31,Closed lost,0.0,0.0,8000.0,6800.0,0,Not specified,Social Media,Male,285.0,2020-08-10,2020-02-27,1.19
DA,FT,2020,2020-03-23,PAR,2020-02-27,2020-03-31,Closed lost,0.0,0.0,8000.0,6800.0,0,Not specified,Social Media,Male,279.0,2020-08-10,2020-02-27,0.21
WD,PT,2020,2020-02-06,PAR,2020-02-27,2020-03-31,Closed lost,0.0,0.0,8000.0,8000.0,0,Not specified,other,Male,252.0,2020-08-10,2020-02-27,0.27
UX,FT,2020,2020-03-23,PAR,2020-02-19,2020-03-03,Paid Deposit,0.0,0.0,8000.0,6800.0,0,Not specified,Referral,Female,280.0,2020-04-12,2020-02-19,0.39
WD,FT,2020,2020-08-06,PAR,2020-02-22,2020-03-31,Closed lost,0.0,0.0,8000.0,8000.0,0,Not specified,Social Media,Male,249.0,2020-10-30,2020-02-24,47.01
DA,FT,2020,2020-03-23,PAR,2020-02-25,2020-03-31,Closed lost,0.0,0.0,8000.0,6800.0,0,Not specified,Referral,Male,286.0,2020-07-10,2020-02-25,1.11
WD,FT,2020,2020-08-06,PAR,2020-02-27,2020-03-31,Closed lost,800.0,0.0,8000.0,7200.0,0,Not specified,google,Female,246.0,2020-08-10,2020-02-28,10.44
UX,FT,2020,2020-06-15,PAR,2020-03-17,2020-03-31,Closed lost,0.0,0.0,8000.0,8000.0,0,Not specified,Social Media,Female,245.0,2020-08-10,2020-03-17,8.76
WD,FT,2020,2020-08-06,PAR,2020-02-22,2020-03-31,Closed lost,0.0,0.0,8000.0,8000.0,0,Not specified,google,Male,242.0,2020-08-10,2020-02-24,38.63
WD,FT,2020,2020-03-23,PAR,2020-02-25,2020-03-31,Closed lost,0.0,0.0,8000.0,6800.0,0,Not specified,google,Male,274.0,2020-09-09,2020-02-25,0.52
DA,PT,2020,2020-03-06,PAR,2020-02-25,2020-03-31,Closed lost,0.0,0.0,8000.0,8000.0,0,Not specified,google,Female,259.0,2020-08-10,2020-02-25,0.42
WD,FT,2020,2020-03-23,PAR,2020-02-28,2020-03-31,Closed lost,0.0,0.0,8000.0,6800.0,0,Not specified,other,Female,281.0,2020-08-10,2020-02-03,73.89
DA,FT,2020,2020-08-06,PAR,2020-02-20,2020-03-31,Closed lost,800.0,0.0,8000.0,7200.0,0,Not specified,google,Female,249.0,2020-08-10,2020-02-20,10.34
WD,FT,2020,2020-08-06,PAR,2020-02-28,2020-03-31,Closed lost,800.0,0.0,8000.0,7200.0,0,Not specified,other,Female,271.0,2020-08-10,2020-12-03,316.41
WD,FT,2020,2020-08-06,PAR,2020-02-28,2020-03-04,Paid Deposit,300.0,0.0,8000.0,7700.0,0,Not specified,other,Male,258.0,2020-04-12,2020-02-28,0.48
UX,FT,2020,2020-03-23,PAR,2020-01-23,2020-03-31,Closed lost,0.0,0.0,8000.0,6800.0,0,Not specified,google,Male,272.0,2020-08-10,2020-11-03,1148.0
DA,FT,2020,2020-08-06,PAR,2020-02-28,2020-03-31,Closed lost,0.0,0.0,8000.0,8000.0,0,Not specified,other,Female,246.0,2020-08-14,2020-12-03,312.96
DA,FT,2020,2020-03-23,PAR,2020-03-03,2020-03-31,Closed lost,800.0,0.0,8000.0,6120.0,0,Not specified,google,Female,278.0,2020-08-10,2020-03-03,3.31
UX,FT,2020,2020-03-23,PAR,2020-03-03,2020-03-31,Closed lost,0.0,0.0,8000.0,6800.0,0,Not specified,google,Male,265.0,2020-08-10,2020-03-03,0.35
DA,FT,2020,2020-08-06,PAR,2020-03-02,2020-03-31,Closed lost,800.0,0.0,8000.0,7200.0,0,Not specified,Social Media,Female,271.0,2020-08-10,2020-02-14,277.93
UX,FT,2020,2020-06-15,PAR,2020-02-28,2020-03-31,Closed lost,0.0,0.0,8000.0,8000.0,0,Not specified,Referral,Female,279.0,2020-08-10,2020-02-28,0.45
DA,FT,2020,2020-08-06,PAR,2020-01-03,2020-03-31,Closed lost,0.0,0.0,8000.0,8000.0,0,Not specified,google,Male,245.0,2020-08-10,2020-02-03,30.44
WD,FT,2020,2020-08-06,PAR,2020-02-29,2020-03-31,Closed lost,0.0,0.0,8000.0,8000.0,0,Not specified,Social Media,Female,246.0,2020-08-10,2020-02-03,41.63
WD,FT,2020,2020-09-11,PAR,2020-09-13,2020-09-30,Closed lost,0.0,0.0,8000.0,8000.0,0,Not specified,Social Media,Male,77.0,2020-04-12,2020-09-15,50.74
UX,PT,2020,2020-09-21,PAR,2020-02-29,2020-03-31,Closed lost,0.0,0.0,8000.0,8000.0,0,Not specified,newspaperOrMagazine,Female,229.0,2020-08-10,2020-02-03,43.45
WD,FT,2020,2020-09-11,PAR,2020-09-13,2020-09-30,Closed lost,800.0,0.0,8000.0,7200.0,0,Not specified,google,Female,68.0,2020-01-10,2020-09-14,21.51
DA,FT,2020,2020-08-06,PAR,2020-02-29,2020-03-31,Closed lost,0.0,0.0,8000.0,8000.0,0,Not specified,Referral,Male,245.0,2020-08-10,2020-02-03,58.16
UX,FT,2020,2020-06-15,PAR,2020-03-20,2020-03-31,Closed lost,0.0,0.0,8000.0,8000.0,0,Not specified,other,Female,235.0,2020-08-10,2020-03-24,110.72
WD,FT,2020,2020-03-23,PAR,2020-01-03,2020-03-31,Closed lost,0.0,0.0,8000.0,6800.0,0,Not specified,google,Male,279.0,2020-08-10,2020-02-03,16.88
WD,FT,2020,2020-09-11,PAR,2020-09-15,2020-09-30,Closed lost,800.0,0.0,8000.0,7200.0,0,Not specified,google,Female,68.0,2020-01-10,2020-09-21,142.18
DA,PT,2020,2020-10-19,PAR,2020-03-03,2020-03-31,Closed lost,800.0,0.0,8000.0,7200.0,0,Not specified,Social Media,Female,246.0,2020-08-10,2020-04-03,15.08
WD,FT,2020,2020-09-11,PAR,2020-02-10,2020-12-31,Closed lost,0.0,0.0,8000.0,8000.0,0,Not specified,Social Media,Male,63.0,2020-10-10,2020-05-10,74.84
UX,PT,2020,2020-09-21,PAR,2020-01-03,2020-03-31,Closed lost,0.0,0.0,8000.0,8000.0,0,Not specified,other,Female,245.0,2020-08-10,2020-02-03,11.0
WD,FT,2020,2020-09-11,PAR,2020-09-16,2020-09-30,Closed lost,0.0,0.0,8000.0,8000.0,0,Not specified,google,Male,78.0,2020-09-10,2020-09-21,119.35
UX,FT,2020,2020-09-11,PAR,2020-09-16,2020-09-30,Closed lost,0.0,0.0,8000.0,8000.0,0,Not specified,Social Media,Female,62.0,2020-07-10,2020-09-21,113.49
WD,FT,2020,2020-09-11,PAR,2020-09-17,2020-11-16,Paid Deposit,800.0,0.0,8000.0,7200.0,0,Not specified,other,Female,70.0,2020-06-11,2020-09-21,97.91
WD,FT,2020,2020-09-11,PAR,2020-09-16,2020-09-30,Closed lost,800.0,0.0,8000.0,7200.0,0,Not specified,other,Female,81.0,2020-09-18,2020-09-18,35.74
UX,FT,2020,2020-03-23,PAR,2020-02-03,2020-03-31,Closed lost,0.0,0.0,8000.0,6800.0,0,Not specified,google,Male,277.0,2020-08-10,2020-02-03,0.83
WD,FT,2020,2020-08-06,PAR,2020-03-03,2020-03-31,Closed lost,800.0,0.0,8000.0,7200.0,0,Not specified,other,Female,280.0,2020-08-10,2020-03-03,3.37
DA,FT,2020,2020-09-11,PAR,2020-07-21,2020-09-30,Closed lost,0.0,0.0,8000.0,8000.0,0,Not specified,other,Female,120.0,2020-08-10,2020-07-22,23.23
DA,FT,2020,2020-08-24,PAR,2020-07-21,2020-09-30,Closed lost,0.0,0.0,8000.0,8000.0,0,Not specified,IronhackEvent,Male,126.0,2020-08-10,2020-07-22,22.5
UX,FT,2020,2020-09-11,PAR,2020-07-22,2020-09-30,Closed lost,0.0,0.0,8000.0,8000.0,0,Not specified,other,Female,131.0,2020-06-10,2020-07-22,4.08
WD,FT,2020,2020-03-23,PAR,2020-02-21,2020-03-31,Closed lost,0.0,0.0,8000.0,6800.0,0,Not specified,google,Male,274.0,2020-08-10,2020-02-21,0.83
WD,FT,2020,2020-08-24,PAR,2020-07-23,2020-09-30,Closed lost,0.0,0.0,8000.0,8000.0,0,Not specified,google,Female,138.0,2020-08-10,2020-07-23,3.86
WD,FT,2020,2020-03-23,PAR,2020-02-03,2020-03-31,Closed lost,0.0,0.0,8000.0,6800.0,0,Not specified,google,Male,274.0,2020-08-10,2020-03-03,14.13
UX,FT,2020,2020-06-15,PAR,2020-03-03,2020-03-31,Closed lost,0.0,0.0,8000.0,8000.0,0,Not specified,newspaperOrMagazine,Female,280.0,2020-08-10,2020-03-03,0.53
DA,FT,2020,2020-08-06,PAR,2020-03-13,2020-03-31,Closed lost,0.0,0.0,8000.0,8000.0,0,Not specified,Social Media,Male,230.0,2020-08-10,2020-03-13,8.91
WD,FT,2020,2020-08-06,PAR,2020-04-15,2020-06-30,Closed lost,0.0,0.0,8000.0,8000.0,0,Not specified,IronhackEvent,Male,228.0,2020-11-09,2020-04-15,5.73
WD,FT,2020,2020-09-11,PAR,2020-07-23,2020-09-30,Closed lost,0.0,0.0,8000.0,8000.0,0,Not specified,other,Female,134.0,2020-08-10,2020-07-24,27.58
UX,FT,2020,2020-08-24,PAR,2020-07-26,2020-09-30,Closed lost,0.0,0.0,8000.0,8000.0,0,Not specified,google,Female,124.0,2020-08-10,2020-07-27,27.84
WD,FT,2020,2020-08-24,PAR,2020-04-15,2020-06-30,Closed lost,0.0,0.0,8000.0,8000.0,0,Not specified,switchup,Female,188.0,2020-08-10,2020-04-23,189.0
DA,FT,2020,2020-08-06,PAR,2020-12-04,2021-05-13,Closed lost,800.0,0.0,8000.0,7200.0,0,Not specified,Referral,Female,172.0,2020-11-26,2020-04-14,41.01
DA,FT,2020,2020-08-24,PAR,2020-07-27,2020-09-30,Closed lost,0.0,0.0,8000.0,8000.0,0,Not specified,google,Male,119.0,2020-08-10,2020-07-28,21.77
WD,FT,2020,2020-09-11,PAR,2020-07-27,2020-09-30,Closed lost,800.0,0.0,8000.0,7200.0,0,Not specified,IronhackEvent,Female,119.0,2020-08-10,2020-10-08,341.54
WD,FT,2020,2020-08-24,PAR,2020-07-28,2020-09-30,Closed lost,0.0,0.0,8000.0,8000.0,0,Not specified,google,Male,133.0,2020-08-10,2020-07-28,0.24
DA,FT,2020,2020-08-06,PAR,2020-04-13,2020-06-30,Closed lost,800.0,0.0,8000.0,7200.0,0,Not specified,other,Female,228.0,2020-08-10,2020-04-14,29.74
DA,PT,2020,2020-03-06,PAR,2020-04-13,2020-06-30,Closed lost,0.0,0.0,8000.0,8000.0,0,Not specified,Social Media,Female,228.0,2020-08-10,2020-04-14,21.89
WD,FT,2020,2020-08-24,PAR,2020-07-27,2020-09-30,Closed lost,0.0,0.0,8000.0,8000.0,0,Not specified,google,Male,133.0,2020-08-10,2020-07-28,18.82
DA,FT,2020,2020-08-24,PAR,2020-07-28,2020-09-30,Closed lost,0.0,0.0,8000.0,8000.0,0,Not specified,google,Male,120.0,2020-08-10,2020-07-31,64.32
WD,FT,2020,2020-08-24,PAR,2020-07-29,2020-09-30,Closed lost,0.0,0.0,8000.0,8000.0,0,Not specified,Social Media,Male,123.0,2020-10-31,2020-07-31,40.17
WD,FT,2020,2020-09-11,PAR,2020-07-29,2020-09-30,Closed lost,800.0,0.0,8000.0,7200.0,0,Not specified,google,Male,123.0,2020-08-10,2020-07-29,0.07
DA,FT,2020,2020-09-11,PAR,2020-07-29,2020-09-30,Closed lost,0.0,0.0,8000.0,8000.0,0,Not specified,Social Media,Male,71.0,2020-08-10,2020-07-30,23.48
WD,FT,2020,2020-08-24,PAR,2020-05-19,2020-06-30,Closed lost,0.0,0.0,8000.0,8000.0,0,Not specified,other,Male,187.0,2020-08-10,2020-05-20,27.89
UX,FT,2020,2020-09-11,PAR,2020-07-29,2020-09-30,Closed lost,0.0,0.0,8000.0,8000.0,0,Not specified,google,Female,54.0,2020-10-15,2020-07-30,23.7
UX,FT,2020,2020-06-15,PAR,2020-04-15,2020-06-30,Closed lost,0.0,0.0,8000.0,8000.0,0,Not specified,google,Female,215.0,2020-08-10,2020-04-15,15.74
WD,PT,2020,2020-02-06,PAR,2020-05-18,2020-06-30,Closed lost,0.0,0.0,8000.0,8000.0,0,Not specified,Referral,Male,200.0,2020-08-10,2020-05-22,87.64
WD,FT,2020,2020-08-24,PAR,2020-05-18,2020-06-30,Closed lost,0.0,0.0,8000.0,8000.0,0,Not specified,Referral,Female,181.0,2020-08-10,2020-05-19,15.3
WD,FT,2020,2020-08-24,PAR,2020-07-29,2020-09-30,Closed lost,800.0,0.0,8000.0,7200.0,0,Not specified,Social Media,Female,131.0,2020-08-10,2020-07-30,12.22
DA,FT,2020,2020-08-06,PAR,2020-04-15,2020-06-30,Closed lost,0.0,0.0,8000.0,8000.0,0,Not specified,google,Male,209.0,2020-08-10,2020-04-15,4.24
WD,FT,2020,2020-09-11,PAR,2020-07-30,2020-09-30,Closed lost,800.0,0.0,8000.0,7200.0,0,Not specified,Social Media,Female,123.0,2020-08-10,2020-07-31,19.77
DA,PT,2020,2020-03-06,PAR,2020-04-14,2020-06-30,Closed lost,0.0,0.0,8000.0,8000.0,0,Not specified,Social Media,Male,196.0,2020-10-30,2020-04-15,27.55
UX,FT,2020,2020-08-24,PAR,2020-07-30,2020-09-30,Closed lost,0.0,0.0,8000.0,8000.0,0,Not specified,Referral,Male,126.0,2020-08-10,2020-07-30,2.71
UX,FT,2020,2020-06-15,PAR,2020-04-15,2020-06-30,Closed lost,0.0,0.0,8000.0,8000.0,0,Not specified,Social Media,Female,232.0,2020-08-10,2020-04-15,7.49
UX,FT,2020,2020-09-11,PAR,2020-07-30,2020-09-30,Closed lost,800.0,0.0,8000.0,7200.0,0,Not specified,google,Female,103.0,2020-08-10,2020-08-20,502.77
DA,FT,2020,2020-08-06,PAR,2020-04-14,2020-06-30,Closed lost,0.0,0.0,8000.0,8000.0,0,Not specified,Social Media,Female,232.0,2020-08-10,2020-04-14,13.45
WD,FT,2020,2020-08-24,PAR,2020-07-30,2020-09-30,Closed lost,0.0,0.0,8000.0,8000.0,0,Not specified,newspaperOrMagazine,Male,123.0,2020-08-10,2020-07-30,1.82
DA,FT,2020,2020-09-11,PAR,2020-03-08,2020-09-30,Closed lost,800.0,0.0,8000.0,7200.0,0,Not specified,other,Female,110.0,2020-08-10,2020-04-08,22.48
UX,FT,2021,2021-11-01,BCN,2020-08-18,2020-09-30,Closed lost,0.0,0.0,7000.0,7000.0,0,Not specified,Referral,Female,47.0,2020-10-22,2020-08-18,1.8
WD,FT,2020,2020-08-24,PAR,2020-01-08,2020-09-30,Closed lost,800.0,0.0,8000.0,7200.0,0,Not specified,Social Media,Female,118.0,2020-08-10,2020-07-08,147.4
WD,FT,2020,2020-08-06,PAR,2020-04-14,2020-06-30,Closed lost,0.0,0.0,8000.0,8000.0,0,Not specified,google,Female,225.0,2020-09-09,2020-04-14,0.81
WD,FT,2020,2020-08-24,PAR,2020-03-08,2020-09-30,Closed lost,0.0,0.0,8000.0,8000.0,0,Not specified,Social Media,Male,118.0,2020-11-22,2020-04-08,21.66
UX,FT,2020,2020-06-15,PAR,2020-04-19,2020-06-30,Closed lost,0.0,0.0,8000.0,8000.0,0,Not specified,other,Female,228.0,2020-08-10,2020-04-20,14.92
WD,FT,2020,2020-09-11,PAR,2020-01-08,2020-09-17,Paid Deposit,800.0,0.0,8000.0,7200.0,0,Not specified,Referral,Female,84.0,2020-04-12,2020-03-08,48.92
DA,PT,2020,2020-03-06,PAR,2020-04-22,2020-06-30,Closed lost,800.0,0.0,8000.0,7200.0,0,Not specified,IronhackEvent,Female,208.0,2020-05-12,2020-04-22,11.15
WD,FT,2020,2020-09-11,PAR,2020-04-08,2020-07-09,Paid Deposit,500.0,0.0,8000.0,7500.0,0,Not specified,Social Media,Male,102.0,2020-03-11,2020-04-08,12.13
DA,FT,2020,2020-08-06,PAR,2020-04-20,2020-06-30,Closed lost,800.0,0.0,8000.0,7200.0,0,Not specified,other,Female,232.0,2020-08-14,2020-04-20,1.94
DA,PT,2020,2020-03-06,PAR,2020-04-21,2020-06-30,Closed lost,800.0,0.0,8000.0,7200.0,0,Not specified,other,Female,223.0,2020-08-14,2020-04-21,15.79
WD,PT,2020,2020-02-06,PAR,2020-04-19,2020-06-30,Closed lost,0.0,0.0,8000.0,8000.0,0,Not specified,other,Female,230.0,2020-08-10,2020-04-20,31.15
UX,FT,2020,2020-06-15,PAR,2020-04-17,2020-06-30,Closed lost,0.0,0.0,8000.0,8000.0,0,Not specified,google,Female,196.0,2020-08-10,2020-04-20,67.78
UX,FT,2020,2020-08-24,PAR,2020-04-22,2020-06-30,Closed lost,0.0,0.0,8000.0,8000.0,0,Not specified,Referral,Male,158.0,2020-08-13,2020-04-23,15.4
UX,PT,2020,2020-09-21,PAR,2020-04-21,2020-06-30,Closed lost,0.0,0.0,8000.0,8000.0,0,Not specified,google,Female,216.0,2020-08-14,2020-04-21,5.74
WD,FT,2020,2020-08-06,PAR,2020-04-19,2020-06-30,Closed lost,0.0,0.0,8000.0,8000.0,0,Not specified,google,Male,228.0,2020-08-10,2020-04-22,74.06
UX,FT,2020,2020-08-24,PAR,2020-09-08,2020-09-30,Closed lost,0.0,0.0,8000.0,8000.0,0,Not specified,other,Male,118.0,2020-05-12,2020-10-08,20.87
DA,FT,2020,2020-08-06,PAR,2020-04-21,2020-06-30,Closed lost,0.0,0.0,8000.0,8000.0,0,Not specified,Social Media,Male,204.0,2020-08-14,2020-04-21,6.99
WD,FT,2020,2020-08-06,PAR,2020-04-21,2020-06-30,Closed lost,800.0,0.0,8000.0,7200.0,0,Not specified,other,Female,217.0,2020-08-10,2020-04-22,15.88
WD,FT,2020,2020-08-24,PAR,2020-05-08,2020-09-30,Closed lost,0.0,0.0,8000.0,8000.0,0,Not specified,IronhackEvent,Male,118.0,2020-08-10,2020-10-08,118.48
UX,FT,2020,2020-06-15,PAR,2020-04-22,2020-05-18,Paid Deposit,0.0,0.0,8000.0,8000.0,0,Not specified,google,Female,214.0,2020-09-10,2020-04-23,18.23
UX,FT,2020,2020-09-11,PAR,2020-07-08,2020-09-30,Paid Deposit,0.0,0.0,8000.0,8000.0,1,Not interested,google,Female,72.0,2020-08-10,2020-10-08,65.64
WD,FT,2020,2020-09-11,PAR,2020-05-08,2020-09-30,Closed lost,0.0,0.0,8000.0,8000.0,0,Not specified,Referral,Male,116.0,2020-08-10,2020-07-08,40.01
DA,FT,2020,2020-08-06,PAR,2020-04-22,2020-06-30,Closed lost,0.0,0.0,8000.0,8000.0,0,Not specified,Referral,Male,223.0,2020-08-10,2020-04-23,28.64
DA,FT,2020,2020-08-06,PAR,2020-04-16,2020-06-30,Closed lost,0.0,0.0,8000.0,8000.0,0,Not specified,Social Media,Female,215.0,2020-09-09,2020-04-17,21.11
WD,FT,2020,2020-09-11,PAR,2020-09-08,2020-09-30,Closed lost,0.0,0.0,8000.0,8000.0,0,Not specified,google,Male,92.0,2020-08-10,2020-10-08,28.66
UX,FT,2020,2020-06-15,PAR,2020-04-19,2020-06-30,Closed lost,0.0,0.0,8000.0,8000.0,0,Not specified,Referral,Male,232.0,2020-08-10,2020-04-20,23.08
WD,FT,2020,2020-08-06,PAR,2020-04-20,2020-06-30,Closed lost,800.0,0.0,8000.0,7200.0,0,Not specified,Referral,Female,228.0,2020-08-10,2020-04-20,11.49
WD,FT,2020,2020-08-06,PAR,2020-04-21,2020-06-30,Closed lost,0.0,0.0,8000.0,8000.0,0,Not specified,Referral,Male,231.0,2020-08-10,2020-04-21,2.62
DA,FT,2020,2020-08-06,PAR,2020-04-23,2020-06-30,Closed lost,0.0,0.0,8000.0,8000.0,0,Not specified,other,Male,189.0,2020-09-09,2020-04-23,0.16
UX,FT,2020,2020-06-15,PAR,2020-04-19,2020-06-30,Closed lost,0.0,0.0,8000.0,8000.0,0,Not specified,other,Female,222.0,2020-08-10,2020-04-22,68.64
WD,FT,2020,2020-08-06,PAR,2020-04-17,2020-06-30,Closed lost,0.0,0.0,8000.0,8000.0,0,Not specified,google,Male,210.0,2020-08-10,2020-04-17,1.31
WD,FT,2020,2020-08-06,PAR,2020-04-17,2020-06-30,Closed lost,0.0,0.0,8000.0,8000.0,0,Not specified,Social Media,Female,225.0,2020-08-14,2020-04-17,10.11
WD,PT,2020,2020-02-06,PAR,2020-04-16,2020-06-30,Closed lost,0.0,0.0,8000.0,8000.0,0,Not specified,google,Female,230.0,2020-10-14,2020-04-17,13.4
WD,FT,2020,2020-08-06,PAR,2020-04-19,2020-06-30,Closed lost,0.0,0.0,8000.0,8000.0,0,Not specified,other,Male,210.0,2020-08-10,2020-04-20,12.92
DA,FT,2020,2020-09-11,PAR,2020-01-07,2020-09-30,Closed lost,0.0,0.0,8000.0,8000.0,0,Not specified,Referral,Male,71.0,2020-08-10,2020-01-07,7.24
WD,FT,2020,2020-08-24,PAR,2020-06-07,2020-07-16,Paid Deposit,0.0,0.0,8000.0,8000.0,0,Not specified,other,Male,147.0,2020-04-12,2020-07-07,24.76
WD,FT,2020,2020-09-11,PAR,2020-06-07,2020-09-30,Closed lost,0.0,0.0,8000.0,8000.0,0,Not specified,newspaperOrMagazine,Male,131.0,2020-08-10,2020-07-23,405.71
WD,FT,2020,2020-08-24,PAR,2020-07-07,2020-09-30,Closed lost,0.0,0.0,8000.0,8000.0,0,Not specified,other,Female,153.0,2020-08-10,2020-08-07,23.14
DA,FT,2020,2020-08-24,PAR,2020-08-07,2020-09-30,Closed lost,0.0,0.0,8000.0,8000.0,0,Not specified,Referral,Male,126.0,2020-08-10,2020-08-07,0.19
WD,FT,2020,2020-08-24,PAR,2020-09-07,2020-09-15,Paid Deposit,300.0,0.0,8000.0,7700.0,0,Not specified,Referral,Male,141.0,2020-11-26,2020-09-07,0.41
DA,FT,2020,2020-09-11,PAR,2020-08-07,2020-09-30,Closed lost,0.0,0.0,8000.0,8000.0,0,Not specified,IronhackEvent,Female,138.0,2020-08-10,2020-09-07,19.16
DA,FT,2020,2020-08-24,PAR,2020-08-07,2020-09-30,Closed lost,0.0,0.0,8000.0,8000.0,0,Not specified,Social Media,Male,140.0,2020-08-10,2020-09-07,14.74
UX,FT,2020,2020-09-11,PAR,2020-09-17,2020-09-30,Paid Deposit,0.0,0.0,8000.0,8000.0,1,Can not afford the payment,Social Media,Female,74.0,2020-11-24,2020-09-21,96.27
DA,FT,2020,2020-09-11,PAR,2020-09-17,2020-09-30,Closed lost,800.0,0.0,8000.0,7200.0,0,Not specified,IronhackEvent,Female,78.0,2020-09-21,2020-09-21,93.63
WD,FT,2020,2020-08-24,PAR,2020-08-07,2020-09-30,Closed lost,0.0,0.0,8000.0,8000.0,0,Not specified,Social Media,Female,140.0,2020-08-10,2020-07-21,311.24
DA,FT,2020,2020-09-11,PAR,2020-09-18,2020-09-30,Paid Deposit,0.0,0.0,8000.0,8000.0,0,Not specified,IronhackEvent,Male,74.0,2020-04-12,2020-09-21,70.8
DA,FT,2020,2020-08-24,PAR,2020-08-07,2020-09-30,Closed lost,800.0,0.0,8000.0,7200.0,0,Not specified,IronhackEvent,Female,137.0,2020-10-24,2020-07-24,377.67
DA,FT,2020,2020-08-24,PAR,2020-09-07,2020-09-30,Closed lost,0.0,0.0,8000.0,8000.0,0,Not specified,Social Media,Male,139.0,2020-08-10,2020-10-07,11.19
UX,FT,2020,2020-09-11,PAR,2020-08-07,2020-09-30,Closed lost,0.0,0.0,8000.0,8000.0,0,Not specified,other,Female,131.0,2020-08-10,2020-09-07,19.55
UX,FT,2020,2020-09-11,PAR,2020-09-18,2020-09-30,Closed lost,0.0,0.0,8000.0,8000.0,0,Not specified,other,Male,78.0,2020-09-21,2020-09-21,63.22
DA,PT,2021,2021-09-02,BCN,2020-09-18,2020-09-30,Closed lost,0.0,0.0,7500.0,7500.0,0,Not specified,google,Male,41.0,2020-10-28,2020-06-10,432.51
WD,FT,2020,2020-08-24,PAR,2020-08-07,2020-09-30,Closed lost,800.0,0.0,8000.0,7200.0,0,Not specified,google,Female,132.0,2020-08-10,2020-09-07,18.55
WD,FT,2020,2020-09-11,PAR,2020-09-18,2020-09-30,Closed lost,0.0,0.0,8000.0,8000.0,0,Not specified,other,Male,78.0,2020-09-21,2020-09-21,71.69
WD,FT,2020,2020-09-11,PAR,2020-09-07,2020-09-30,Closed lost,0.0,0.0,8000.0,8000.0,0,Not specified,other,Male,68.0,2020-08-10,2020-09-07,0.11
DA,FT,2020,2020-08-24,PAR,2020-09-07,2020-09-30,Closed lost,0.0,0.0,8000.0,8000.0,0,Not specified,IronhackEvent,Male,120.0,2020-08-10,2020-07-17,187.97
WD,FT,2020,2020-09-11,PAR,2020-09-19,2020-09-30,Closed lost,800.0,0.0,8000.0,7200.0,0,Not specified,google,Female,61.0,2020-08-10,2020-09-21,48.92
DA,FT,2021,2021-11-01,BCN,2020-09-21,2020-09-30,Closed lost,700.0,0.0,7000.0,6300.0,0,Not specified,Social Media,Female,39.0,2020-10-30,2020-10-22,744.26
UX,FT,2020,2020-09-11,PAR,2020-09-22,2020-09-30,Closed lost,0.0,0.0,8000.0,8000.0,0,Not specified,google,Female,56.0,2020-10-13,2020-09-23,22.59
UX,FT,2020,2020-09-11,PAR,2020-01-07,2020-09-30,Closed lost,0.0,0.0,8000.0,8000.0,0,Not specified,other,Female,90.0,2020-08-10,2020-01-07,0.57
UX,FT,2020,2020-08-24,PAR,2020-01-07,2020-09-30,Closed lost,0.0,0.0,8000.0,8000.0,0,Not specified,other,Female,138.0,2020-08-10,2020-02-07,12.42
WD,FT,2020,2020-08-24,PAR,2020-01-07,2020-09-30,Closed lost,0.0,0.0,8000.0,8000.0,0,Not specified,google,Female,158.0,2020-08-10,2020-03-07,38.14
UX,PT,2020,2020-09-21,PAR,2020-01-07,2020-09-30,Closed lost,0.0,0.0,8000.0,8000.0,0,Not specified,Referral,Male,158.0,2020-08-10,2020-02-07,11.86
WD,FT,2020,2020-09-11,PAR,2020-09-23,2020-09-30,Closed lost,0.0,0.0,8000.0,8000.0,0,Not specified,google,Non-binary,71.0,2020-06-11,2020-09-28,125.42
DA,FT,2020,2020-09-11,PAR,2020-09-22,2020-09-30,Closed lost,800.0,0.0,8000.0,7200.0,0,Not specified,google,Female,63.0,2020-08-10,2020-09-28,138.01
WD,FT,2020,2020-09-11,PAR,2020-02-07,2020-09-30,Closed lost,0.0,0.0,8000.0,8000.0,0,Not specified,other,Female,134.0,2020-08-10,2020-03-07,15.85
UX,FT,2020,2020-08-24,PAR,2020-05-07,2020-09-30,Closed lost,0.0,0.0,8000.0,8000.0,0,Not specified,Social Media,Female,145.0,2020-08-10,2020-06-07,20.21
DA,PT,2021,2021-09-02,BCN,2020-09-21,2020-09-30,Closed lost,0.0,0.0,7500.0,7500.0,0,Not specified,Referral,Male,47.0,2020-10-22,2020-10-22,747.32
UX,FT,2020,2020-09-11,PAR,2020-09-23,2020-09-30,Closed lost,0.0,0.0,8000.0,8000.0,0,Not specified,google,Male,70.0,2020-09-10,2020-09-28,122.73
UX,FT,2020,2020-08-24,PAR,2020-05-07,2020-09-30,Closed lost,0.0,0.0,8000.0,8000.0,0,Not specified,Social Media,Female,145.0,2020-08-14,2020-06-07,15.89
WD,FT,2020,2020-08-24,PAR,2020-03-07,2020-09-30,Closed lost,0.0,0.0,8000.0,8000.0,0,Not specified,other,Male,148.0,2020-08-10,2020-06-07,60.91
WD,FT,2020,2020-09-11,PAR,2020-09-20,2020-09-30,Closed lost,0.0,0.0,8000.0,8000.0,0,Not specified,google,Male,62.0,2020-07-10,2020-09-21,39.6
WD,FT,2020,2020-08-24,PAR,2020-05-07,2020-09-30,Closed lost,0.0,0.0,8000.0,8000.0,0,Not specified,other,Female,153.0,2020-09-19,2020-08-07,63.12
DA,FT,2020,2020-08-24,PAR,2020-05-07,2020-09-30,Closed lost,0.0,0.0,8000.0,8000.0,0,Not specified,Social Media,Female,145.0,2020-08-10,2020-06-07,28.59
WD,PT,2021,2021-09-02,BCN,2020-09-21,2020-09-30,Closed lost,0.0,0.0,7500.0,7500.0,0,Not specified,Referral,Male,21.0,2020-11-17,2020-09-28,165.41
WD,FT,2020,2020-08-24,PAR,2020-03-07,2020-09-30,Closed lost,0.0,0.0,8000.0,8000.0,0,Not specified,google,Male,145.0,2020-09-10,2020-03-07,0.25
UX,FT,2020,2020-09-11,PAR,2020-09-22,2020-09-30,Closed lost,0.0,0.0,8000.0,8000.0,0,Not specified,Social Media,Female,76.0,2020-09-23,2020-09-23,27.92
WD,FT,2020,2020-09-11,PAR,2020-02-07,2020-09-30,Closed lost,0.0,0.0,8000.0,8000.0,0,Not specified,google,Male,151.0,2020-08-10,2020-02-07,1.44
DA,FT,2020,2020-08-24,PAR,2020-03-07,2020-09-30,Closed lost,0.0,0.0,8000.0,8000.0,0,Not specified,Referral,Female,145.0,2020-08-10,2020-03-07,0.51
UX,FT,2020,2020-09-11,PAR,2020-02-07,2020-09-30,Closed lost,0.0,0.0,8000.0,8000.0,0,Not specified,other,Male,153.0,2020-08-10,2020-02-07,3.31
UX,PT,2020,2020-09-21,PAR,2020-02-07,2020-09-30,Closed lost,0.0,0.0,8000.0,8000.0,0,Not specified,other,Female,123.0,2020-08-10,2020-02-07,2.18
DA,FT,2020,2020-08-24,PAR,2020-02-07,2020-09-30,Closed lost,0.0,0.0,8000.0,8000.0,0,Not specified,google,Female,140.0,2020-08-10,2020-07-21,457.92
DA,FT,2020,2020-08-24,PAR,2020-02-07,2020-09-30,Closed lost,0.0,0.0,8000.0,8000.0,0,Not specified,other,Female,125.0,2020-08-10,2020-03-07,12.22
WD,FT,2021,2021-11-01,BCN,2020-09-23,2020-09-30,Closed lost,0.0,0.0,7000.0,7000.0,0,Not specified,google,Male,62.0,2020-07-10,2020-07-10,332.71
UX,FT,2020,2020-08-24,PAR,2020-02-07,2020-09-30,Closed lost,0.0,0.0,8000.0,8000.0,0,Not specified,Referral,Female,153.0,2020-08-10,2020-02-07,3.96
WD,FT,2020,2020-08-24,PAR,2020-02-07,2020-09-30,Closed lost,0.0,0.0,8000.0,8000.0,0,Not specified,Social Media,Male,154.0,2020-08-10,2020-02-07,0.74
WD,FT,2020,2020-08-24,PAR,2020-02-07,2020-09-30,Closed lost,0.0,0.0,8000.0,8000.0,0,Not specified,google,Male,126.0,2020-08-10,2020-02-07,2.49
UX,FT,2020,2020-08-24,PAR,2020-05-07,2020-09-30,Closed lost,0.0,0.0,8000.0,8000.0,0,Not specified,google,Female,138.0,2020-08-10,2020-06-07,11.8
UX,FT,2020,2020-08-24,PAR,2020-02-07,2020-09-30,Closed lost,0.0,0.0,8000.0,8000.0,0,Not specified,google,Male,152.0,2020-08-10,2020-03-07,14.39
UX,PT,2020,2020-09-21,PAR,2020-07-28,2020-09-30,Closed lost,800.0,0.0,8000.0,7200.0,0,Not specified,Social Media,Male,125.0,2020-08-10,2020-07-28,15.1
WD,FT,2020,2020-09-11,PAR,2020-09-26,2020-09-30,Closed lost,800.0,0.0,8000.0,7200.0,0,Not specified,google,Female,62.0,2020-10-30,2020-09-28,44.86
UX,FT,2021,2021-11-01,BCN,2020-03-11,2020-12-31,Closed lost,0.0,0.0,7000.0,7000.0,0,Not specified,Referral,Female,32.0,2020-11-18,2020-06-11,63.81
WD,PT,2021,2021-09-02,BCN,2020-03-11,2020-12-31,Technical Interview,0.0,0.0,7500.0,7500.0,0,Not specified,google,Male,32.0,2020-09-11,2020-05-11,37.73
UX,FT,2020,2020-08-24,PAR,2020-07-28,2020-09-30,Closed lost,800.0,0.0,8000.0,7200.0,0,Not specified,Referral,Female,123.0,2020-08-10,2020-07-29,12.07
UX,FT,2020,2020-09-11,PAR,2020-09-25,2020-10-13,Paid Deposit,0.0,0.0,8000.0,8000.0,0,Not specified,Referral,Female,61.0,2020-11-14,2020-08-10,314.99
WD,PT,2021,2021-09-02,BCN,2020-04-11,2020-12-31,Technical Interview,750.0,0.0,7500.0,6750.0,0,Not specified,Referral,Female,7.0,2020-01-12,2020-05-11,22.45
DA,FT,2020,2020-09-11,PAR,2020-07-29,2020-09-30,Closed lost,0.0,0.0,8000.0,8000.0,0,Not specified,other,Male,54.0,2020-10-15,2020-08-19,502.7
WD,FT,2020,2020-09-11,PAR,2020-08-20,2020-09-30,Closed lost,800.0,0.0,8000.0,7200.0,0,Not specified,google,Female,98.0,2020-11-25,2020-08-21,18.75
DA,FT,2020,2020-09-11,PAR,2020-08-21,2020-09-30,Closed lost,800.0,0.0,8000.0,7200.0,0,Not specified,google,Female,61.0,2020-08-10,2020-08-21,7.73
UX,FT,2020,2020-09-11,PAR,2020-08-17,2020-09-30,Closed lost,0.0,0.0,8000.0,8000.0,0,Not specified,google,Female,112.0,2020-08-10,2020-08-18,16.1
UX,FT,2020,2020-09-11,PAR,2020-08-20,2020-09-30,Closed lost,0.0,0.0,8000.0,8000.0,0,Not specified,google,Female,109.0,2020-08-10,2020-08-21,16.11
DA,FT,2020,2020-08-06,PAR,2020-04-05,2020-06-30,Closed lost,800.0,0.0,8000.0,7200.0,0,Not specified,other,Female,196.0,2020-08-10,2020-07-05,63.02
UX,FT,2020,2020-08-24,PAR,2020-04-25,2020-06-30,Closed lost,0.0,0.0,8000.0,8000.0,0,Not specified,Referral,Male,208.0,2020-08-10,2020-04-27,50.24
DA,FT,2020,2020-08-24,PAR,2020-04-05,2020-06-29,Paid Deposit,0.0,0.0,8000.0,8000.0,0,Not specified,Social Media,Male,166.0,2020-10-30,2020-05-05,27.71
WD,FT,2020,2020-09-11,PAR,2020-08-21,2020-09-30,Closed lost,0.0,0.0,8000.0,8000.0,0,Not specified,quora,Male,98.0,2020-08-10,2020-08-21,3.88
UX,PT,2020,2020-09-21,PAR,2020-04-27,2020-06-30,Closed lost,0.0,0.0,8000.0,8000.0,0,Not specified,Social Media,Female,168.0,2020-08-10,2020-04-28,15.63
WD,FT,2020,2020-08-06,PAR,2020-04-05,2020-06-30,Closed lost,0.0,0.0,8000.0,8000.0,0,Not specified,other,Male,216.0,2020-08-10,2020-04-05,1.3
WD,FT,2020,2020-08-24,PAR,2020-03-05,2020-06-30,Closed lost,800.0,0.0,8000.0,7200.0,0,Not specified,Referral,Female,211.0,2020-08-10,2020-04-05,16.82
WD,FT,2020,2020-08-06,PAR,2020-01-05,2020-06-30,Closed lost,0.0,0.0,8000.0,8000.0,0,Not specified,other,Female,218.0,2020-08-10,2020-04-05,65.77
WD,FT,2020,2020-09-11,PAR,2020-08-17,2020-09-30,Closed lost,800.0,0.0,8000.0,7200.0,0,Not specified,google,Female,103.0,2020-01-10,2020-08-18,14.2
WD,FT,2020,2020-09-11,PAR,2020-08-21,2020-09-30,Closed lost,0.0,0.0,8000.0,8000.0,0,Not specified,google,Male,106.0,2020-08-10,2020-08-24,77.12
UX,FT,2020,2020-09-11,PAR,2020-08-24,2020-09-30,Closed lost,0.0,0.0,8000.0,8000.0,0,Not specified,Social Media,Male,68.0,2020-08-10,2020-08-25,27.09
UX,PT,2021,2021-09-02,BCN,2020-08-20,2020-08-24,Paid Deposit,500.0,0.0,7500.0,7000.0,0,Not specified,IronhackEvent,Female,105.0,2020-10-30,2020-02-09,297.7
WD,FT,2020,2020-09-11,PAR,2020-08-19,2020-09-30,Closed lost,0.0,0.0,8000.0,8000.0,0,Not specified,google,Male,110.0,2020-08-10,2020-08-20,22.31
UX,FT,2020,2020-06-15,PAR,2020-03-05,2020-06-30,Closed lost,0.0,0.0,8000.0,8000.0,0,Not specified,other,Male,186.0,2020-08-10,2020-04-05,23.45
WD,FT,2020,2020-09-11,PAR,2020-08-25,2020-09-30,Closed lost,0.0,0.0,8000.0,8000.0,0,Not specified,google,Male,103.0,2020-10-30,2020-08-26,18.61
WD,FT,2020,2020-08-06,PAR,2020-04-30,2020-06-30,Closed lost,0.0,0.0,8000.0,8000.0,0,Not specified,other,Male,217.0,2020-08-14,2020-05-05,114.84
DA,FT,2020,2020-08-24,PAR,2020-01-05,2020-06-30,Closed lost,0.0,0.0,8000.0,8000.0,0,Not specified,Social Media,Male,208.0,2020-08-10,2020-04-05,76.95
WD,FT,2020,2020-09-11,PAR,2020-08-20,2020-09-30,Closed lost,0.0,0.0,8000.0,8000.0,0,Not specified,Social Media,Male,77.0,2020-08-10,2020-08-21,16.56
WD,FT,2020,2020-09-11,PAR,2020-08-21,2020-09-30,Closed lost,0.0,0.0,8000.0,8000.0,0,Not specified,google,Male,77.0,2020-08-10,2020-09-22,763.56
DA,FT,2020,2020-08-24,PAR,2020-01-07,2020-09-30,Closed lost,0.0,0.0,8000.0,8000.0,0,Not specified,Social Media,Female,145.0,2020-11-24,2020-01-07,5.09
WD,PT,2020,2020-02-06,PAR,2020-05-17,2020-06-30,Closed lost,0.0,0.0,8000.0,8000.0,0,Not specified,Social Media,Male,190.0,2020-08-10,2020-05-19,57.52
DA,FT,2020,2020-08-06,PAR,2020-05-17,2020-06-30,Closed lost,0.0,0.0,8000.0,8000.0,0,Not specified,google,Male,200.0,2020-10-24,2020-05-19,52.8
UX,FT,2020,2020-08-24,PAR,2020-05-17,2020-06-30,Closed lost,0.0,0.0,8000.0,8000.0,0,Not specified,google,Male,167.0,2020-08-10,2020-05-18,29.28
UX,FT,2020,2020-09-11,PAR,2020-09-29,2020-09-30,Closed lost,0.0,0.0,8000.0,8000.0,0,Not specified,google,Female,56.0,2020-10-13,2020-08-10,215.49
WD,PT,2021,2021-09-02,BCN,2020-09-28,2020-09-30,Technical Interview,0.0,0.0,7500.0,7500.0,0,Not specified,other,Male,43.0,2020-10-26,2020-10-22,571.72
DA,FT,2020,2020-09-11,PAR,2020-09-28,2020-09-30,Closed lost,0.0,0.0,8000.0,8000.0,0,Not specified,Referral,Male,56.0,2020-02-11,2020-10-13,355.94
DA,FT,2020,2020-09-11,PAR,2020-08-28,2020-09-30,Closed lost,0.0,0.0,8000.0,8000.0,0,Not specified,Social Media,Male,92.0,2020-12-09,2020-03-09,150.22
WD,FT,2021,2021-03-22,BCN,2020-09-30,2020-09-30,Closed lost,700.0,0.0,7000.0,6300.0,0,Not specified,Referral,Female,47.0,2020-10-22,2020-10-22,525.47
DA,PT,2021,2021-09-02,BCN,2020-09-30,2020-09-30,Closed lost,0.0,0.0,7500.0,7500.0,0,Not specified,google,Male,7.0,2020-01-12,2020-08-10,189.4
DA,PT,2021,2021-09-02,BCN,2020-01-10,2020-12-31,Closed lost,750.0,0.0,7500.0,6750.0,0,Not specified,Referral,Female,21.0,2020-11-17,2020-09-11,936.55
WD,FT,2020,2020-09-11,PAR,2020-08-29,2020-09-30,Closed lost,0.0,0.0,8000.0,8000.0,0,Not specified,other,Male,77.0,2020-09-22,2020-03-09,115.89
WD,FT,2020,2020-09-11,PAR,2020-01-09,2020-11-09,Paid Deposit,0.0,0.0,8000.0,8000.0,1,Changed my mind,other,Male,95.0,2020-02-10,2020-03-09,41.92
UX,FT,2020,2020-09-11,PAR,2020-08-31,2020-10-16,Paid Deposit,0.0,0.0,8000.0,8000.0,0,Not specified,google,Female,53.0,2020-10-30,2020-09-17,403.38
DA,FT,2020,2020-09-11,PAR,2020-01-09,2020-09-30,Closed lost,0.0,0.0,8000.0,8000.0,0,Not specified,google,Male,98.0,2020-10-30,2020-01-09,0.25
DA,FT,2020,2020-09-11,PAR,2020-02-09,2020-11-09,Paid Deposit,0.0,0.0,8000.0,8000.0,0,Not specified,Referral,Male,88.0,2020-04-12,2020-08-09,137.03
DA,FT,2020,2020-09-11,PAR,2020-03-09,2020-09-30,Closed lost,0.0,0.0,8000.0,8000.0,0,Not specified,google,Male,54.0,2020-10-15,2020-06-10,807.86
DA,FT,2020,2020-09-11,PAR,2020-09-29,2020-09-30,Closed lost,0.0,0.0,8000.0,8000.0,0,Not specified,google,Male,56.0,2020-10-13,2020-08-10,225.79
WD,FT,2021,2021-03-22,BCN,2020-02-09,2020-10-09,Paid Deposit,0.0,0.0,7000.0,7000.0,0,Not specified,Social Media,Male,87.0,2020-10-30,2020-03-09,15.33
UX,FT,2020,2020-09-11,PAR,2020-03-09,2020-09-30,Closed lost,0.0,0.0,8000.0,8000.0,0,Not specified,other,Female,92.0,2020-11-20,2020-07-09,90.56
DA,FT,2021,2021-11-01,BCN,2020-09-29,2020-09-30,Closed lost,500.0,0.0,7000.0,6500.0,0,Not specified,other,Male,12.0,2020-11-26,2020-07-10,190.44
UX,FT,2020,2020-09-11,PAR,2020-06-09,2020-09-30,Closed lost,0.0,0.0,8000.0,8000.0,0,Not specified,Social Media,Male,68.0,2020-10-10,2020-09-14,187.26
WD,FT,2020,2020-09-11,PAR,2020-04-09,2020-09-30,Closed lost,0.0,0.0,8000.0,8000.0,0,Not specified,quora,Male,92.0,2020-07-09,2020-07-09,71.73
WD,FT,2020,2020-09-11,PAR,2020-06-09,2020-09-15,Paid Deposit,0.0,0.0,8000.0,8000.0,0,Not specified,google,Male,89.0,2020-10-30,2020-10-09,96.63
WD,FT,2020,2020-09-11,PAR,2020-08-09,2020-09-30,Closed lost,0.0,0.0,8000.0,8000.0,0,Not specified,google,Male,83.0,2020-09-16,2020-09-14,155.19
DA,FT,2020,2020-09-11,PAR,2020-08-10,2020-12-31,Closed lost,800.0,0.0,8000.0,7200.0,0,Not specified,Referral,Female,53.0,2020-10-16,2020-09-10,25.08
WD,FT,2020,2020-09-11,PAR,2020-09-09,2020-09-30,Closed lost,0.0,0.0,8000.0,8000.0,0,Not specified,Social Media,Male,68.0,2020-10-15,2020-09-09,9.19
WD,FT,2020,2020-09-11,PAR,2020-07-09,2020-09-30,Closed lost,0.0,0.0,8000.0,8000.0,0,Not specified,Social Media,Male,91.0,2020-09-09,2020-08-09,14.37
WD,FT,2020,2020-09-11,PAR,2020-04-09,2020-09-30,Closed lost,0.0,0.0,8000.0,8000.0,0,Not specified,google,Male,77.0,2020-10-13,2020-09-22,433.46
WD,FT,2021,2021-11-01,BCN,2020-07-10,2020-12-31,Technical Interview,0.0,0.0,7000.0,7000.0,0,Not specified,google,Male,43.0,2020-10-26,2020-10-22,362.93
DA,FT,2020,2020-09-11,PAR,2020-05-10,2020-12-31,Closed lost,0.0,0.0,8000.0,8000.0,0,Not specified,other,Male,50.0,2020-10-19,2020-07-10,46.23
DA,FT,2020,2020-09-11,PAR,2020-04-10,2020-12-31,Closed lost,0.0,0.0,8000.0,8000.0,0,Not specified,google,Male,64.0,2020-05-10,2020-05-10,16.43
UX,FT,2020,2020-09-11,PAR,2020-05-10,2020-10-14,Paid Deposit,0.0,0.0,8000.0,8000.0,0,Not specified,google,Female,60.0,2020-04-12,2020-06-10,18.32
UX,PT,2020,2020-09-21,PAR,2020-09-09,2020-09-30,Closed lost,0.0,0.0,8000.0,8000.0,0,Not specified,newspaperOrMagazine,Female,90.0,2020-09-09,2020-09-09,1.63
WD,FT,2020,2020-09-11,PAR,2020-05-09,2020-09-22,Paid Deposit,800.0,0.0,8000.0,7200.0,0,Not specified,Referral,Female,81.0,2020-11-20,2020-10-09,119.79
WD,FT,2020,2020-09-11,PAR,2020-09-09,2020-09-17,Paid Deposit,800.0,0.0,8000.0,7200.0,0,Not specified,Social Media,Female,84.0,2020-04-12,2020-09-09,5.68
UX,PT,2021,2021-09-02,BCN,2020-06-10,2020-12-31,Closed lost,0.0,0.0,7500.0,7500.0,0,Not specified,Social Media,Female,47.0,2020-10-22,2020-10-22,378.31
WD,FT,2020,2020-09-11,PAR,2020-04-10,2020-10-13,Paid Deposit,0.0,0.0,8000.0,8000.0,0,Not specified,Referral,Male,60.0,2020-08-11,2020-05-10,13.5
UX,FT,2020,2020-09-11,PAR,2020-08-09,2020-09-30,Closed lost,0.0,0.0,8000.0,8000.0,0,Not specified,Social Media,Female,68.0,2020-01-10,2020-11-09,72.12
UX,FT,2021,2021-11-01,BCN,2020-08-09,2020-11-18,Paid Deposit,500.0,0.0,7000.0,6500.0,0,Not specified,Referral,Male,20.0,2020-04-12,2020-05-10,642.94
UX,FT,2020,2020-09-11,PAR,2020-06-09,2020-09-17,Paid Deposit,0.0,0.0,8000.0,8000.0,0,Not specified,Referral,Female,84.0,2020-05-12,2020-11-09,115.24
DA,FT,2020,2020-09-11,PAR,2020-09-09,2020-09-30,Closed lost,800.0,0.0,8000.0,7200.0,0,Not specified,Social Media,Female,64.0,2020-05-10,2020-09-09,12.23
DA,FT,2020,2020-09-11,PAR,2020-09-15,2020-09-30,Closed lost,0.0,0.0,8000.0,8000.0,0,Not specified,other,Male,63.0,2020-06-10,2020-09-16,19.93
DA,PT,2021,2021-09-02,BCN,2020-06-10,2020-12-31,Closed lost,750.0,0.0,7500.0,6750.0,0,Not specified,Referral,Female,36.0,2020-02-11,2020-06-10,3.2
WD,FT,2021,2021-03-22,BCN,2020-05-10,2020-12-31,Closed lost,0.0,0.0,7000.0,7000.0,0,Not specified,Referral,Male,8.0,2020-11-30,2020-11-27,1270.31
UX,FT,2020,2020-09-11,PAR,2020-09-15,2020-09-30,Closed lost,0.0,0.0,8000.0,8000.0,0,Not specified,other,Female,82.0,2020-09-17,2020-09-15,5.76
DA,FT,2020,2020-09-11,PAR,2020-08-10,2020-12-31,Closed lost,0.0,0.0,8000.0,8000.0,0,Not specified,other,Male,54.0,2020-10-15,2020-12-10,94.89
DA,FT,2020,2020-09-11,PAR,2020-12-10,2020-12-31,Closed lost,0.0,0.0,8000.0,8000.0,0,Not specified,google,Male,46.0,2020-10-30,2020-10-15,82.16
WD,FT,2021,2021-11-01,BCN,2020-12-10,2020-12-31,Closed lost,0.0,0.0,7000.0,7000.0,0,Not specified,google,Male,32.0,2020-06-11,2020-10-28,389.69
DA,FT,2020,2020-09-11,PAR,2020-11-10,2020-12-31,Closed lost,800.0,0.0,8000.0,7200.0,0,Not specified,google,Female,53.0,2020-10-16,2020-10-16,111.02
WD,FT,2021,2021-03-22,BCN,2020-09-10,2020-12-31,Closed lost,700.0,0.0,7000.0,6300.0,0,Not specified,Social Media,Female,47.0,2020-10-22,2020-10-22,317.67
UX,FT,2020,2020-09-11,PAR,2020-09-10,2020-10-15,Paid Deposit,300.0,0.0,8000.0,7700.0,0,Not specified,Referral,Female,57.0,2020-05-12,2020-12-10,71.73
DA,FT,2021,2021-11-01,BCN,2020-10-13,2020-12-31,Technical Interview,0.0,0.0,7000.0,7000.0,0,Not specified,switchup,Male,55.0,2020-08-12,2020-10-14,18.29
WD,FT,2021,2021-11-01,BCN,2020-10-10,2020-12-31,Technical Interview,700.0,0.0,7000.0,6300.0,0,Not specified,other,Female,47.0,2020-10-22,2020-10-22,280.64
DA,FT,2020,2020-09-11,PAR,2020-10-21,2020-12-31,Closed lost,0.0,0.0,8000.0,8000.0,0,Not specified,other,Male,43.0,2020-10-26,2020-10-21,11.73
WD,FT,2021,2021-11-01,BCN,2020-10-21,2020-12-31,Closed lost,0.0,0.0,7000.0,7000.0,0,Not specified,google,Male,19.0,2020-11-24,2020-10-22,22.15
DA,FT,2020,2020-09-11,PAR,2020-10-16,2020-12-31,Closed lost,800.0,0.0,8000.0,7200.0,0,Not specified,Referral,Female,35.0,2020-03-11,2020-10-16,1.85
DA,FT,2020,2020-09-11,PAR,2020-10-18,2020-10-30,Paid Deposit,500.0,0.0,8000.0,7500.0,0,Not specified,quora,Male,47.0,2020-08-11,2020-10-20,44.62
DA,FT,2020,2020-09-11,PAR,2020-10-21,2020-12-31,Closed lost,0.0,0.0,8000.0,8000.0,0,Not specified,other,Male,39.0,2020-04-11,2020-10-22,18.39
UX,FT,2021,2021-11-01,BCN,2020-10-22,2020-12-31,Technical Interview,0.0,0.0,7000.0,7000.0,0,Not specified,Referral,Male,33.0,2020-05-11,2020-04-11,312.6
DA,FT,2021,2021-03-22,BCN,2020-10-27,2020-12-31,Closed lost,0.0,0.0,7000.0,7000.0,0,Not specified,switchup,Male,12.0,2020-11-26,2020-10-28,25.5
DA,FT,2020,2020-09-11,PAR,2020-10-26,2020-12-31,Closed lost,0.0,0.0,8000.0,8000.0,0,Not specified,google,Male,33.0,2020-05-11,2020-10-26,3.03
UX,PT,2021,2021-09-02,BCN,2020-10-22,2020-12-31,Closed lost,750.0,0.0,7500.0,6750.0,0,Not specified,Social Media,Female,43.0,2020-10-26,2020-10-26,89.88
DA,FT,2020,2020-09-11,PAR,2020-10-22,2020-12-31,Closed lost,800.0,0.0,8000.0,7200.0,0,Not specified,other,Female,35.0,2020-03-11,2020-10-23,17.09
DA,FT,2021,2021-11-01,BCN,2020-10-22,2020-12-31,Closed lost,0.0,0.0,7000.0,7000.0,0,Not specified,Referral,Male,43.0,2020-10-26,2020-10-23,18.63
UX,FT,2021,2021-11-01,BCN,2020-10-24,2020-12-31,Technical Interview,0.0,0.0,7000.0,7000.0,0,Not specified,google,Female,41.0,2020-10-28,2020-10-26,63.97
WD,FT,2020,2020-09-11,PAR,2020-10-22,2020-10-23,Paid Deposit,300.0,0.0,8000.0,7700.0,0,Not specified,google,Male,45.0,2020-07-12,2020-10-22,3.83
WD,FT,2021,2021-03-22,BCN,2020-10-26,2020-12-31,Closed lost,0.0,0.0,7000.0,7000.0,0,Not specified,Social Media,Male,36.0,2020-02-11,2020-10-30,84.93
WD,PT,2021,2021-09-02,BCN,2020-10-23,2020-12-31,Technical Interview,0.0,0.0,7500.0,7500.0,0,Not specified,newspaperOrMagazine,Male,39.0,2020-11-20,2020-10-26,68.9
WD,FT,2021,2021-03-22,BCN,2020-10-22,2020-12-31,Closed lost,0.0,0.0,7000.0,7000.0,0,Not specified,Social Media,Male,7.0,2020-01-12,2020-10-27,114.37
WD,FT,2021,2021-11-01,BCN,2020-10-25,2020-12-31,Technical Interview,700.0,0.0,7000.0,6300.0,0,Not specified,other,Female,40.0,2020-10-29,2020-10-26,27.09
DA,PT,2021,2021-09-02,BCN,2020-10-23,2020-12-31,Technical Interview,0.0,0.0,7500.0,7500.0,0,Not specified,google,Male,40.0,2020-10-29,2020-10-29,146.9
WD,FT,2021,2021-03-22,BCN,2020-10-22,2020-12-31,Technical Interview,0.0,0.0,7000.0,7000.0,0,Not specified,google,Male,46.0,2020-10-23,2020-11-30,940.11
DA,FT,2020,2020-09-11,PAR,2020-10-26,2020-12-31,Closed lost,800.0,0.0,8000.0,7200.0,0,Not specified,Referral,Female,32.0,2020-06-11,2020-10-26,3.03
UX,FT,2021,2021-11-01,BCN,2020-10-24,2020-12-31,Closed lost,0.0,0.0,7000.0,7000.0,0,Not specified,Referral,Male,7.0,2020-01-12,2020-01-12,906.14
DA,FT,2020,2020-09-11,PAR,2020-10-27,2020-12-31,Closed lost,0.0,0.0,8000.0,8000.0,0,Not specified,Social Media,Male,40.0,2020-11-27,2020-10-29,44.6
WD,FT,2021,2021-11-01,BCN,2020-03-11,2020-12-31,Closed lost,700.0,0.0,7000.0,6300.0,0,Not specified,google,Female,11.0,2020-11-27,2020-05-11,59.18
DA,PT,2021,2021-09-02,BCN,2020-03-11,2020-12-31,Closed lost,750.0,0.0,7500.0,6750.0,0,Not specified,Social Media,Male,8.0,2020-11-30,2020-11-20,413.41
DA,FT,2020,2020-09-11,PAR,2020-02-11,2020-12-31,Closed lost,800.0,0.0,8000.0,7200.0,0,Not specified,google,Female,21.0,2020-11-17,2020-03-11,13.43
UX,PT,2021,2021-09-02,BCN,2020-01-11,2020-12-31,Closed lost,750.0,0.0,7500.0,6750.0,0,Not specified,Social Media,Female,11.0,2020-11-27,2020-02-11,25.4
UX,FT,2021,2021-11-01,BCN,2020-10-28,2020-12-31,Closed lost,700.0,0.0,7000.0,6300.0,0,Not specified,Social Media,Female,8.0,2020-11-30,2020-03-11,139.56
UX,FT,2021,2021-11-01,BCN,2020-10-30,2020-12-31,Closed lost,0.0,0.0,7000.0,7000.0,0,Not specified,google,Female,5.0,2020-03-12,2020-03-11,97.26
DA,FT,2021,2021-11-01,BCN,2020-10-30,2020-12-31,Closed lost,0.0,0.0,7000.0,7000.0,0,Not specified,Referral,Male,36.0,2020-02-11,2020-02-11,67.43
UX,PT,2021,2021-11-05,BCN,2020-02-11,2020-12-31,Technical Interview,700.0,0.0,7500.0,6800.0,0,Not specified,google,Female,34.0,2020-04-11,2020-02-11,3.05
DA,FT,2020,2020-09-11,PAR,2020-10-29,2020-12-31,Closed lost,800.0,0.0,8000.0,7200.0,0,Not specified,IronhackEvent,Female,22.0,2020-11-27,2020-10-30,20.9
DA,FT,2020,2020-09-11,PAR,2020-10-28,2020-12-31,Closed lost,800.0,0.0,8000.0,7200.0,0,Not specified,other,Female,39.0,2020-10-30,2020-10-29,14.64
WD,PT,2020,1900-12-31,PAR,2020-10-31,2020-12-31,Closed lost,750.0,0.0,7500.0,6750.0,0,Not specified,Social Media,Male,33.0,2020-05-11,2020-02-11,39.79
UX,FT,2021,2021-11-01,BCN,2020-10-29,2020-12-31,Closed lost,0.0,0.0,7000.0,7000.0,0,Not specified,google,Female,8.0,2020-11-30,2020-06-11,179.62
WD,FT,2021,2021-03-22,BCN,2020-10-31,2020-12-31,Technical Interview,700.0,0.0,7000.0,6300.0,0,Not specified,Social Media,Female,33.0,2020-05-11,2020-02-11,36.22
WD,FT,2021,2021-03-22,BCN,2020-02-11,2020-12-31,Technical Interview,0.0,0.0,7000.0,7000.0,0,Not specified,Referral,Male,33.0,2020-11-28,2020-05-11,74.21
UX,PT,2021,2021-09-02,BCN,2020-09-11,2020-12-31,Personal Interview,0.0,0.0,7500.0,7500.0,0,Not specified,Referral,Male,29.0,2020-09-11,2020-12-11,71.73
DA,FT,2021,2021-03-22,BCN,2020-07-11,2020-12-31,Closed lost,0.0,0.0,7000.0,7000.0,0,Not specified,Social Media,Male,29.0,2020-09-11,2020-09-11,42.83
DA,FT,2021,2021-11-01,BCN,2020-05-11,2020-12-31,Closed lost,700.0,0.0,7000.0,6300.0,0,Not specified,Social Media,Female,18.0,2020-04-12,2020-06-11,19.01
DA,PT,2021,2021-09-02,BCN,2020-05-11,2020-12-31,Personal Interview,750.0,0.0,7500.0,6750.0,0,Not specified,Referral,Female,32.0,2020-05-12,2020-09-11,89.58
UX,FT,2020,2020-07-12,PAR,2020-06-11,2020-11-20,Paid Deposit,0.0,0.0,8000.0,8000.0,0,Not specified,other,Female,18.0,2020-04-12,2020-10-11,93.78
UX,FT,2021,2021-11-01,BCN,2020-07-11,2020-11-22,Paid Deposit,500.0,0.0,7000.0,6500.0,0,Not specified,Referral,Female,15.0,2020-04-12,2020-11-23,381.51
DA,PT,2021,2021-09-02,BCN,2020-09-11,2020-12-31,Technical Interview,0.0,0.0,7500.0,7500.0,0,Not specified,Social Media,Male,29.0,2020-09-11,2020-09-11,8.87
WD,FT,2021,2021-03-22,BCN,2020-08-11,2020-12-31,Closed lost,0.0,0.0,7000.0,7000.0,0,Not specified,google,Male,29.0,2020-09-11,2020-09-11,10.98
UX,FT,2021,2021-11-01,BCN,2020-09-11,2020-12-31,Closed lost,700.0,0.0,7000.0,6300.0,0,Not specified,Referral,Female,25.0,2020-11-13,2020-11-13,90.07
UX,FT,2021,2021-11-01,BCN,2020-05-11,2020-11-18,Paid Deposit,0.0,0.0,7000.0,7000.0,0,Not specified,google,Female,20.0,2020-11-20,2020-05-11,1.92
UX,PT,2021,2021-09-02,BCN,2020-12-11,2020-12-31,Technical Interview,0.0,0.0,7500.0,7500.0,0,Not specified,Referral,Female,7.0,2020-01-12,2020-11-20,198.63
UX,FT,2020,2020-07-12,PAR,2020-11-13,2020-12-31,Closed lost,0.0,0.0,8000.0,8000.0,0,Not specified,other,Male,13.0,2020-11-25,2020-11-16,62.15
WD,PT,2021,2021-09-02,BCN,2020-10-11,2020-12-31,Student Agreement,750.0,0.0,7500.0,6750.0,0,Not specified,Social Media,Female,1.0,2020-11-11,2020-01-12,507.03
WD,FT,2021,2021-03-22,BCN,2020-10-11,2020-12-31,Closed lost,0.0,0.0,7000.0,7000.0,0,Not specified,Referral,Male,20.0,2020-11-18,2020-12-11,50.29
DA,FT,2021,2021-11-01,BCN,2020-12-11,2020-12-31,Personal Interview,0.0,0.0,7000.0,7000.0,0,Not specified,Referral,Male,25.0,2020-12-11,2020-11-23,264.13
WD,FT,2021,2021-03-22,BCN,2020-09-11,2020-12-31,Applied,700.0,0.0,7000.0,6300.0,0,Not specified,Referral,Female,29.0,2020-09-11,2020-01-12,516.29
WD,FT,2021,2021-11-01,BCN,2020-12-11,2020-12-31,Closed lost,700.0,0.0,7000.0,6300.0,0,Not specified,other,Female,18.0,2020-11-20,2020-11-17,120.19
UX,FT,2020,2020-07-12,PAR,2020-10-11,2020-10-11,Paid Deposit,0.0,0.0,8000.0,8000.0,0,Not specified,Social Media,Female,28.0,2020-06-12,2020-10-11,5.16
UX,FT,2020,2020-07-12,PAR,2020-11-13,2020-11-20,Paid Deposit,0.0,0.0,8000.0,8000.0,0,Not specified,other,Male,18.0,2020-04-12,2020-11-16,61.1
DA,PT,2021,2021-09-02,BCN,2020-11-16,2020-12-31,Closed lost,0.0,0.0,7500.0,7500.0,0,Not specified,google,Male,6.0,2020-02-12,2020-11-20,95.97
WD,FT,2021,2021-03-22,BCN,2020-11-14,2020-12-31,Closed lost,700.0,0.0,7000.0,6300.0,0,Not specified,Social Media,Male,8.0,2020-11-30,2020-11-18,95.06
WD,FT,2021,2021-11-01,BCN,2020-11-19,2020-12-31,Student Agreement,0.0,0.0,7000.0,7000.0,0,Not specified,google,Male,19.0,2020-11-19,2020-11-25,143.5
DA,PT,2021,2021-09-02,BCN,2020-11-20,2020-12-31,Applied,0.0,0.0,7500.0,7500.0,0,Not specified,google,Male,18.0,2020-11-20,2020-11-20,1.78
WD,PT,2021,2021-09-28,BCN,2020-11-18,2020-12-31,Student Agreement,750.0,0.0,7500.0,6750.0,0,Not specified,Social Media,Female,1.0,2020-11-18,2020-11-23,124.21
UX,FT,2021,2021-03-22,BCN,2020-11-20,2020-12-31,Technical Interview,0.0,0.0,7000.0,7000.0,0,Not specified,Referral,Female,8.0,2020-11-30,2020-11-30,241.08
UX,FT,2021,2021-11-01,BCN,2020-11-20,2020-12-31,Applied,0.0,0.0,7000.0,7000.0,0,Not specified,Referral,Female,18.0,2020-11-23,2020-11-23,66.49
WD,FT,2021,2021-11-01,BCN,2020-11-21,2020-12-31,Closed lost,0.0,0.0,7000.0,7000.0,0,Not specified,Social Media,Male,13.0,2020-02-12,2020-11-24,80.29
UX,FT,2020,2020-07-12,PAR,2020-11-21,2020-11-24,Paid Deposit,0.0,0.0,8000.0,8000.0,0,Not specified,other,Female,14.0,2020-06-12,2020-11-24,63.11
WD,FT,2021,2021-03-22,BCN,2020-11-22,2020-12-31,Applied,700.0,0.0,7000.0,6300.0,0,Not specified,google,Female,16.0,2020-11-22,2020-11-27,109.78
WD,FT,2021,2021-11-01,BCN,2020-11-23,2020-12-31,Technical Interview,500.0,0.0,7000.0,6500.0,0,Not specified,google,Male,8.0,2020-11-30,2020-11-25,47.31
UX,FT,2020,2020-07-12,PAR,2020-11-24,2020-11-25,Paid Deposit,8000.0,0.0,8000.0,0.0,0,Not specified,other,Female,13.0,2020-11-25,2020-11-25,20.16
UX,FT,2021,2021-11-01,BCN,2020-11-24,2020-12-31,Closed lost,0.0,0.0,7000.0,7000.0,0,Not specified,newspaperOrMagazine,Female,11.0,2020-04-12,2020-11-25,11.61
WD,FT,2021,2021-03-22,BCN,2020-11-24,2020-12-31,Student Agreement,0.0,0.0,7000.0,7000.0,0,Not specified,switchup,Male,7.0,2020-04-12,2020-11-30,140.75
WD,FT,2021,2021-11-01,BCN,2020-11-24,2020-11-25,Paid Deposit,0.0,0.0,7000.0,7000.0,0,Not specified,Referral,Male,12.0,2020-07-12,2020-11-25,15.0
UX,PT,2021,2021-09-28,BCN,2020-11-28,2020-12-31,Technical Interview,0.0,0.0,7500.0,7500.0,0,Not specified,Referral,Female,7.0,2020-11-28,2020-01-12,68.19
WD,FT,2021,2021-11-01,BCN,2020-11-26,2020-12-31,Closed lost,0.0,0.0,7000.0,7000.0,0,Not specified,Social Media,Male,5.0,2020-03-12,2020-11-26,0.69
DA,FT,2021,2021-11-01,BCN,2020-02-12,2020-12-31,Applied,0.0,0.0,7000.0,7000.0,0,Not specified,google,Male,6.0,2020-02-12,2020-03-12,27.22
WD,PT,2021,2021-09-02,BCN,2020-11-30,2020-12-31,Technical Interview,750.0,0.0,7500.0,6750.0,0,Not specified,Referral,Female,5.0,2020-04-12,2020-01-12,11.52
UX,FT,2021,2021-11-01,BCN,2020-02-12,2020-12-31,Closed lost,0.0,0.0,7000.0,7000.0,0,Not specified,google,Female,5.0,2020-03-12,2020-03-12,23.8
DA,FT,2021,2021-11-01,BCN,2020-01-12,2020-12-31,Personal Interview,0.0,0.0,7000.0,7000.0,0,Not specified,Referral,Male,1.0,2020-02-12,2020-07-12,140.69
WD,FT,2021,2021-03-22,BCN,2020-02-12,2020-12-31,Personal Interview,0.0,0.0,7000.0,7000.0,0,Not specified,Referral,Male,1.0,2020-03-12,2020-03-12,24.18
DA,PT,2020,2020-03-06,PAR,2020-02-05,2020-06-30,Closed lost,0.0,0.0,8000.0,8000.0,0,Not specified,google,Male,217.0,2020-08-10,2020-05-05,70.03
UX,FT,2020,2020-06-15,PAR,2020-04-05,2020-05-18,Paid Deposit,300.0,0.0,8000.0,7700.0,0,Not specified,newspaperOrMagazine,Male,215.0,2020-10-30,2020-04-05,1.07
DA,FT,2020,2020-08-06,PAR,2020-04-30,2020-06-30,Closed lost,0.0,0.0,8000.0,8000.0,0,Not specified,other,Prefer not to disclose,217.0,2020-08-14,2020-05-05,114.0
WD,PT,2020,2020-02-06,PAR,2020-01-22,2020-03-31,Closed lost,0.0,0.0,8000.0,8000.0,0,Not specified,Social Media,Male,270.0,2020-08-10,2020-03-13,1216.83
DA,FT,2020,2020-08-06,PAR,2020-02-20,2020-03-31,Closed lost,0.0,0.0,8000.0,8000.0,0,Not specified,google,Male,245.0,2020-08-10,2020-02-20,0.3
UX,PT,2020,2020-09-21,PAR,2020-04-16,2020-06-30,Closed lost,0.0,0.0,8000.0,8000.0,0,Not specified,other,Female,232.0,2020-08-10,2020-04-17,14.5
WD,FT,2020,2020-08-24,PAR,2020-05-13,2020-06-30,Closed lost,800.0,0.0,8000.0,7200.0,0,Not specified,IronhackEvent,Female,173.0,2020-08-10,2020-05-13,2.72
WD,FT,2020,2020-08-24,PAR,2020-05-14,2020-06-30,Closed lost,0.0,0.0,8000.0,8000.0,0,Not specified,IronhackEvent,Male,139.0,2020-08-10,2020-05-15,17.32
WD,FT,2020,2020-08-06,PAR,2020-05-14,2020-06-30,Closed lost,800.0,0.0,8000.0,7200.0,0,Not specified,other,Female,203.0,2020-08-10,2020-05-15,19.02
WD,FT,2020,2020-08-06,PAR,2020-05-14,2020-06-30,Closed lost,0.0,0.0,8000.0,8000.0,0,Not specified,google,Male,202.0,2020-08-10,2020-05-14,0.61
UX,PT,2020,2020-09-21,PAR,2020-05-27,2020-06-30,Closed lost,0.0,0.0,8000.0,8000.0,0,Not specified,Referral,Female,125.0,2020-04-12,2020-05-28,19.45
UX,FT,2020,2020-08-24,PAR,2020-05-20,2020-06-30,Closed lost,0.0,0.0,8000.0,8000.0,0,Not specified,Referral,Female,183.0,2020-08-10,2020-05-20,3.74
WD,FT,2020,2020-08-06,PAR,2020-05-20,2020-06-30,Closed lost,0.0,0.0,8000.0,8000.0,0,Not specified,google,Male,193.0,2020-08-10,2020-05-20,3.83
UX,FT,2020,2020-08-24,PAR,2020-06-25,2020-06-30,Closed lost,0.0,0.0,8000.0,8000.0,0,Not specified,other,Female,139.0,2020-09-13,2020-06-29,90.43
WD,FT,2020,2020-08-24,PAR,2020-06-30,2020-06-30,Closed lost,0.0,0.0,8000.0,8000.0,0,Not specified,other,Female,155.0,2020-11-20,2020-06-30,3.82
WD,FT,2020,2020-09-11,PAR,2020-06-30,2020-06-30,Closed lost,0.0,0.0,8000.0,8000.0,0,Not specified,google,Female,155.0,2020-08-10,2020-06-30,3.5
DA,FT,2020,2020-08-06,PAR,2020-05-19,2020-06-30,Closed lost,0.0,0.0,8000.0,8000.0,0,Not specified,Referral,Female,194.0,2020-08-10,2020-05-20,30.37
WD,FT,2020,2020-08-24,PAR,2020-05-20,2020-06-30,Closed lost,0.0,0.0,8000.0,8000.0,0,Not specified,newspaperOrMagazine,Male,175.0,2020-04-12,2020-05-23,72.56
UX,FT,2020,2020-06-15,PAR,2020-05-20,2020-06-30,Closed lost,0.0,0.0,8000.0,8000.0,0,Not specified,Social Media,Female,197.0,2020-10-30,2020-05-20,2.21
WD,FT,2020,2020-08-06,PAR,2020-05-13,2020-05-25,Paid Deposit,800.0,0.0,8000.0,7200.0,1,Personal matters,other,Female,203.0,2020-05-12,2020-05-13,0.16
UX,FT,2020,2020-08-24,PAR,2020-12-05,2021-12-03,Closed lost,0.0,0.0,8000.0,8000.0,0,Not specified,other,Female,176.0,2020-08-10,2020-05-13,20.2
DA,FT,2020,2020-08-24,PAR,2020-06-23,2020-06-30,Closed lost,0.0,0.0,8000.0,8000.0,0,Not specified,Referral,Male,159.0,2020-08-10,2020-06-23,3.44
DA,FT,2020,2020-08-24,PAR,2020-06-30,2020-06-30,Closed lost,0.0,0.0,8000.0,8000.0,0,Not specified,Social Media,Male,154.0,2020-08-10,2020-01-07,13.4
DA,FT,2020,2020-08-24,PAR,2020-05-13,2020-06-30,Closed lost,0.0,0.0,8000.0,8000.0,0,Not specified,Social Media,Male,186.0,2020-08-10,2020-05-14,36.03
WD,FT,2020,2020-08-24,PAR,2020-05-30,2020-06-30,Closed lost,0.0,0.0,8000.0,8000.0,0,Not specified,Social Media,Male,173.0,2020-08-10,2020-01-06,65.05
UX,FT,2020,2020-09-11,PAR,2020-06-16,2020-11-11,Paid Deposit,800.0,0.0,8000.0,7200.0,0,Not specified,Referral,Female,113.0,2020-06-12,2020-06-23,175.44
WD,FT,2020,2020-08-24,PAR,2020-05-14,2020-06-30,Closed lost,0.0,0.0,8000.0,8000.0,0,Not specified,other,Female,181.0,2020-08-10,2020-05-14,9.32
UX,FT,2020,2020-06-15,PAR,2020-05-14,2020-06-30,Closed lost,0.0,0.0,8000.0,8000.0,0,Not specified,google,Female,202.0,2020-08-10,2020-05-15,19.56
UX,PT,2020,2020-09-21,PAR,2020-05-24,2020-06-30,Closed lost,0.0,0.0,8000.0,8000.0,0,Not specified,other,Female,159.0,2020-08-10,2020-05-25,20.92
WD,FT,2020,2020-08-24,PAR,2020-05-22,2020-06-30,Closed lost,0.0,0.0,8000.0,8000.0,0,Not specified,Social Media,Male,138.0,2020-09-15,2020-05-23,28.69
UX,FT,2021,2021-10-18,BCN,2020-05-22,2020-10-07,Paid Deposit,500.0,0.0,7000.0,6500.0,0,Not specified,Referral,Male,153.0,2020-10-31,2020-05-22,0.87
UX,FT,2020,2020-06-15,PAR,2020-05-24,2020-05-28,Paid Deposit,0.0,0.0,8000.0,8000.0,0,Not specified,Social Media,Female,194.0,2020-01-10,2020-05-25,18.91
WD,FT,2020,2020-08-06,PAR,2020-05-23,2020-06-30,Closed lost,0.0,0.0,8000.0,8000.0,0,Not specified,Social Media,Female,190.0,2020-08-10,2020-05-23,8.58
DA,FT,2020,2020-08-06,PAR,2020-05-23,2020-06-30,Closed lost,0.0,0.0,8000.0,8000.0,0,Not specified,Social Media,Male,195.0,2020-08-10,2020-05-23,6.58
WD,FT,2020,2020-08-24,PAR,2020-05-22,2020-06-30,Closed lost,800.0,0.0,8000.0,7200.0,0,Not specified,IronhackEvent,Female,159.0,2020-08-10,2020-05-25,65.24
WD,FT,2020,2020-08-24,PAR,2020-05-23,2020-06-30,Closed lost,0.0,0.0,8000.0,8000.0,0,Not specified,Social Media,Male,165.0,2020-09-18,2020-05-28,122.1
WD,FT,2020,2020-08-06,PAR,2020-05-24,2020-06-30,Closed lost,0.0,0.0,8000.0,8000.0,0,Not specified,Social Media,Non-binary,196.0,2020-08-10,2020-05-25,14.14
DA,FT,2020,2020-08-24,PAR,2020-05-22,2020-06-30,Closed lost,0.0,0.0,8000.0,8000.0,0,Not specified,Referral,Male,162.0,2020-08-10,2020-05-25,64.87
WD,FT,2020,2020-08-24,PAR,2020-05-22,2020-06-30,Closed lost,0.0,0.0,8000.0,8000.0,0,Not specified,Social Media,Male,175.0,2020-08-10,2020-05-23,19.5
WD,PT,2020,2020-02-06,PAR,2020-05-23,2020-06-30,Closed lost,0.0,0.0,8000.0,8000.0,0,Not specified,Social Media,Male,196.0,2020-08-10,2020-05-25,58.15
DA,FT,2020,2020-08-24,PAR,2020-05-25,2020-06-30,Closed lost,0.0,0.0,8000.0,8000.0,0,Not specified,Social Media,Male,158.0,2020-08-10,2020-05-25,2.43
UX,FT,2020,2020-08-24,PAR,2020-06-15,2020-06-30,Closed lost,0.0,0.0,8000.0,8000.0,0,Not specified,Social Media,Female,159.0,2020-08-10,2020-06-15,2.98
UX,PT,2020,2020-09-21,PAR,2020-05-24,2020-06-30,Closed lost,0.0,0.0,8000.0,8000.0,0,Not specified,other,Female,197.0,2020-08-10,2020-05-25,34.9
UX,FT,2020,2020-06-15,PAR,2020-05-25,2020-06-30,Closed lost,0.0,0.0,8000.0,8000.0,0,Not specified,google,Male,196.0,2020-08-10,2020-05-26,16.88
DA,FT,2020,2020-08-24,PAR,2020-06-18,2020-06-30,Closed lost,0.0,0.0,8000.0,8000.0,0,Not specified,Social Media,Male,152.0,2020-08-10,2020-06-18,1.38
UX,FT,2020,2020-08-24,PAR,2020-06-15,2020-06-30,Closed lost,0.0,0.0,8000.0,8000.0,0,Not specified,newspaperOrMagazine,Female,166.0,2020-08-10,2020-06-15,0.93
DA,FT,2020,2020-03-23,PAR,2020-02-17,2020-03-31,Closed lost,0.0,0.0,8000.0,6800.0,0,Not specified,Social Media,Male,265.0,2020-08-10,2020-02-17,2.05
DA,FT,2020,2020-08-06,PAR,2020-03-17,2020-03-31,Closed lost,0.0,0.0,8000.0,8000.0,0,Not specified,Social Media,Male,252.0,2020-08-10,2020-03-24,160.25
WD,FT,2020,2020-03-23,PAR,2020-02-28,2020-03-31,Closed lost,800.0,0.0,8000.0,6120.0,0,Not specified,Social Media,Female,265.0,2020-08-10,2020-02-03,73.68
UX,FT,2020,2020-08-24,PAR,2020-06-18,2020-06-30,Closed lost,0.0,0.0,8000.0,8000.0,0,Not specified,Social Media,Female,166.0,2020-08-10,2020-06-18,1.81
UX,FT,2020,2020-08-24,PAR,2020-06-24,2020-06-30,Closed lost,0.0,0.0,8000.0,8000.0,0,Not specified,google,Female,125.0,2020-08-10,2020-06-25,12.85
WD,FT,2020,2020-08-24,PAR,2020-06-18,2020-06-30,Closed lost,0.0,0.0,8000.0,8000.0,0,Not specified,Social Media,Male,158.0,2020-08-10,2020-06-24,134.85
DA,FT,2020,2020-08-24,PAR,2020-05-13,2020-06-30,Closed lost,0.0,0.0,8000.0,8000.0,0,Not specified,google,Female,180.0,2020-08-10,2020-05-14,18.03
UX,FT,2020,2020-09-11,PAR,2020-02-06,2020-06-24,Paid Deposit,0.0,0.0,8000.0,8000.0,0,Not specified,google,Male,167.0,2020-04-12,2020-02-06,5.83
DA,FT,2020,2020-08-06,PAR,2020-01-06,2020-06-30,Closed lost,0.0,0.0,8000.0,8000.0,0,Not specified,google,Male,189.0,2020-08-14,2020-02-06,13.02
UX,FT,2020,2020-06-15,PAR,2020-01-06,2020-06-30,Closed lost,0.0,0.0,8000.0,8000.0,0,Not specified,other,Male,113.0,2020-06-10,2020-02-06,18.22
DA,FT,2020,2020-08-06,PAR,2020-05-16,2020-06-30,Closed lost,800.0,0.0,8000.0,7200.0,0,Not specified,Social Media,Female,195.0,2020-08-10,2020-05-25,229.67
DA,FT,2020,2020-08-06,PAR,2020-05-13,2020-06-30,Closed lost,0.0,0.0,8000.0,8000.0,0,Not specified,google,Female,204.0,2020-08-10,2020-05-13,4.71
WD,FT,2020,2020-08-24,PAR,2020-06-13,2020-06-30,Closed lost,0.0,0.0,8000.0,8000.0,0,Not specified,Social Media,Male,176.0,2020-08-10,2020-06-15,52.76
WD,FT,2020,2020-08-06,PAR,2020-03-06,2020-06-30,Closed lost,0.0,0.0,8000.0,8000.0,0,Not specified,Social Media,Male,187.0,2020-08-10,2020-04-06,18.98
WD,FT,2020,2020-09-11,PAR,2020-06-26,2020-06-30,Closed lost,0.0,0.0,8000.0,8000.0,0,Not specified,google,Male,137.0,2020-08-10,2020-06-26,0.25
DA,FT,2020,2020-08-24,PAR,2020-06-22,2020-06-30,Closed lost,0.0,0.0,8000.0,8000.0,0,Not specified,Referral,Male,130.0,2020-04-12,2020-06-22,1.07
WD,FT,2020,2020-08-24,PAR,2020-06-30,2020-06-30,Closed lost,0.0,0.0,8000.0,8000.0,0,Not specified,other,Male,153.0,2020-08-10,2020-06-30,0.36
DA,FT,2020,2020-08-24,PAR,2020-06-25,2020-06-30,Closed lost,0.0,0.0,8000.0,8000.0,0,Not specified,other,Male,162.0,2020-04-12,2020-06-29,97.22
UX,FT,2020,2020-06-15,PAR,2020-05-16,2020-06-30,Closed lost,0.0,0.0,8000.0,8000.0,0,Not specified,other,Male,204.0,2020-08-10,2020-05-18,42.83
DA,FT,2020,2020-09-11,PAR,2020-06-24,2020-06-30,Closed lost,0.0,0.0,8000.0,8000.0,0,Not specified,google,Male,56.0,2020-10-13,2020-06-24,1.27
UX,FT,2020,2020-08-24,PAR,2020-06-05,2020-06-30,Closed lost,0.0,0.0,8000.0,8000.0,0,Not specified,google,Female,208.0,2020-11-13,2020-07-05,15.7
WD,FT,2020,2020-08-06,PAR,2020-04-06,2020-06-30,Closed lost,800.0,0.0,8000.0,7200.0,0,Not specified,newspaperOrMagazine,Female,181.0,2020-08-14,2020-04-06,0.5
WD,FT,2020,2020-08-24,PAR,2020-06-23,2020-06-30,Closed lost,0.0,0.0,8000.0,8000.0,0,Not specified,other,Female,165.0,2020-08-10,2020-06-23,0.16
UX,PT,2020,2020-09-21,PAR,2020-05-17,2020-06-30,Closed lost,0.0,0.0,8000.0,8000.0,0,Not specified,other,Female,168.0,2020-08-10,2020-05-18,19.31
WD,FT,2020,2020-08-24,PAR,2020-06-20,2020-06-30,Closed lost,0.0,0.0,8000.0,8000.0,0,Not specified,Social Media,Female,168.0,2020-08-10,2020-06-22,45.26
DA,FT,2020,2020-08-24,PAR,2020-05-18,2020-06-30,Closed lost,800.0,0.0,8000.0,7200.0,0,Not specified,google,Female,158.0,2020-08-10,2020-05-19,19.74
UX,FT,2020,2020-09-11,PAR,2020-06-24,2020-06-30,Closed lost,0.0,0.0,8000.0,8000.0,0,Not specified,Social Media,Female,167.0,2020-09-19,2020-06-24,0.87
DA,FT,2020,2020-08-24,PAR,2020-05-16,2020-06-30,Closed lost,0.0,0.0,8000.0,8000.0,0,Not specified,google,Male,204.0,2020-09-20,2020-05-18,43.41
DA,PT,2020,2020-03-06,PAR,2020-05-18,2020-06-30,Closed lost,0.0,0.0,8000.0,8000.0,0,Not specified,other,Male,195.0,2020-08-10,2020-05-18,0.08
WD,FT,2020,2020-08-24,PAR,2020-05-18,2020-06-30,Closed lost,0.0,0.0,8000.0,8000.0,0,Not specified,Social Media,Male,159.0,2020-08-10,2020-05-19,15.05
UX,FT,2020,2020-08-24,PAR,2020-05-18,2020-06-30,Closed lost,0.0,0.0,8000.0,8000.0,0,Not specified,newspaperOrMagazine,Female,158.0,2020-09-10,2020-05-19,19.26
DA,FT,2020,2020-08-24,PAR,2020-05-18,2020-06-30,Closed lost,0.0,0.0,8000.0,8000.0,0,Not specified,Referral,Female,180.0,2020-08-14,2020-05-19,24.91
WD,FT,2020,2020-08-24,PAR,2020-05-13,2020-06-30,Closed lost,0.0,0.0,8000.0,8000.0,0,Not specified,google,Male,190.0,2020-08-10,2020-05-13,5.67
UX,FT,2020,2020-06-15,PAR,2020-05-21,2020-06-30,Closed lost,0.0,0.0,8000.0,8000.0,0,Not specified,google,Female,197.0,2020-08-10,2020-05-25,93.8
DA,FT,2020,2020-08-24,PAR,2020-05-06,2020-06-30,Closed lost,800.0,0.0,8000.0,7200.0,0,Not specified,google,Female,172.0,2020-06-19,2020-08-06,65.68
UX,FT,2020,2020-08-24,PAR,2020-05-28,2020-06-30,Closed lost,0.0,0.0,8000.0,8000.0,0,Not specified,newspaperOrMagazine,Female,179.0,2020-08-10,2020-05-29,11.9
UX,FT,2020,2020-08-24,PAR,2020-05-25,2020-06-30,Closed lost,0.0,0.0,8000.0,8000.0,0,Not specified,Referral,Female,113.0,2020-08-10,2020-05-25,10.17
DA,FT,2020,2020-08-24,PAR,2020-05-25,2020-06-30,Closed lost,800.0,0.0,8000.0,7200.0,0,Not specified,other,Female,175.0,2020-08-10,2020-05-25,1.47
WD,FT,2020,2020-08-24,PAR,2020-05-29,2020-09-06,Paid Deposit,0.0,0.0,8000.0,8000.0,0,Not specified,Referral,Male,189.0,2020-10-30,2020-05-29,13.3
WD,FT,2020,2020-08-24,PAR,2020-05-28,2020-06-30,Closed lost,0.0,0.0,8000.0,8000.0,0,Not specified,google,Male,194.0,2020-08-10,2020-05-28,3.57
DA,FT,2020,2020-08-24,PAR,2020-05-25,2020-06-30,Closed lost,0.0,0.0,8000.0,8000.0,0,Not specified,Referral,Male,188.0,2020-08-10,2020-05-26,12.28
UX,FT,2020,2020-06-15,PAR,2020-05-28,2020-06-30,Closed lost,0.0,0.0,8000.0,8000.0,0,Not specified,Referral,Female,181.0,2020-08-10,2020-05-29,17.33
WD,FT,2020,2020-08-06,PAR,2020-05-29,2020-06-30,Closed lost,800.0,0.0,8000.0,7200.0,0,Not specified,Social Media,Female,193.0,2020-08-10,2020-05-29,8.98
UX,FT,2020,2020-06-15,PAR,2020-05-26,2020-06-30,Closed lost,0.0,0.0,8000.0,8000.0,0,Not specified,Referral,Male,181.0,2020-08-10,2020-05-26,3.5
UX,PT,2020,2020-09-21,PAR,2020-05-26,2020-06-30,Closed lost,0.0,0.0,8000.0,8000.0,0,Not specified,Referral,Female,139.0,2020-08-10,2020-05-26,1.94
WD,FT,2020,2020-08-24,PAR,2020-05-28,2020-06-30,Closed lost,0.0,0.0,8000.0,8000.0,0,Not specified,google,Male,193.0,2020-09-18,2020-05-29,14.02
WD,FT,2020,2020-08-06,PAR,2020-05-29,2020-06-30,Closed lost,800.0,0.0,8000.0,7200.0,0,Not specified,switchup,Female,190.0,2020-08-10,2020-05-29,1.81
WD,FT,2020,2020-08-24,PAR,2020-05-26,2020-06-30,Closed lost,0.0,0.0,8000.0,8000.0,0,Not specified,google,Male,173.0,2020-08-10,2020-05-27,15.46
WD,FT,2020,2020-08-24,PAR,2020-05-29,2020-06-30,Closed lost,0.0,0.0,8000.0,8000.0,0,Not specified,other,Male,180.0,2020-08-10,2020-05-29,3.7
DA,PT,2020,2020-03-06,PAR,2020-05-28,2020-06-30,Closed lost,800.0,0.0,8000.0,7200.0,0,Not specified,newspaperOrMagazine,Female,181.0,2020-08-10,2020-05-29,17.57
UX,FT,2020,2020-06-15,PAR,2020-05-26,2020-06-30,Closed lost,0.0,0.0,8000.0,8000.0,0,Not specified,Social Media,Female,194.0,2020-08-10,2020-05-27,19.49
WD,PT,2020,2020-02-06,PAR,2020-05-25,2020-06-30,Closed lost,0.0,0.0,8000.0,8000.0,0,Not specified,other,Male,196.0,2020-08-10,2020-05-26,16.66
UX,FT,2020,2020-06-15,PAR,2020-05-27,2020-06-30,Closed lost,0.0,0.0,8000.0,8000.0,0,Not specified,other,Female,194.0,2020-08-10,2020-05-27,1.34
UX,FT,2021,2021-11-01,BCN,2020-04-06,2020-06-30,Closed lost,0.0,0.0,7000.0,7000.0,0,Not specified,google,Male,47.0,2020-11-26,2020-05-06,15.09
DA,FT,2020,2020-08-24,PAR,2020-06-23,2020-06-30,Closed lost,0.0,0.0,8000.0,8000.0,0,Not specified,google,Male,162.0,2020-08-10,2020-06-23,0.26
WD,FT,2020,2020-08-24,PAR,2020-04-06,2020-06-30,Closed lost,800.0,0.0,8000.0,7200.0,0,Not specified,other,Female,159.0,2020-08-10,2020-04-06,2.14
WD,FT,2020,2020-08-24,PAR,2020-03-06,2020-06-30,Closed lost,800.0,0.0,8000.0,7200.0,0,Not specified,other,Female,181.0,2020-08-10,2020-03-06,0.39
DA,FT,2020,2020-08-06,PAR,2020-04-06,2020-06-30,Closed lost,0.0,0.0,8000.0,8000.0,0,Not specified,google,Male,187.0,2020-08-10,2020-04-06,1.11
WD,FT,2020,2020-08-24,PAR,2020-06-14,2020-06-30,Closed lost,0.0,0.0,8000.0,8000.0,0,Not specified,google,Female,165.0,2020-08-10,2020-06-15,38.24
DA,FT,2020,2020-09-11,PAR,2020-06-14,2020-06-30,Closed lost,0.0,0.0,8000.0,8000.0,0,Not specified,google,Female,125.0,2020-08-10,2020-06-15,21.79
UX,FT,2020,2020-08-24,PAR,2020-06-15,2020-06-30,Closed lost,0.0,0.0,8000.0,8000.0,0,Not specified,google,Male,165.0,2020-08-10,2020-06-16,17.97
WD,FT,2020,2020-08-24,PAR,2020-06-14,2020-06-30,Closed lost,0.0,0.0,8000.0,8000.0,0,Not specified,other,Female,166.0,2020-08-10,2020-06-15,30.62
UX,FT,2020,2020-09-11,PAR,2020-03-06,2020-06-30,Closed lost,0.0,0.0,8000.0,8000.0,0,Not specified,google,Female,159.0,2020-08-10,2020-03-06,0.66
UX,FT,2020,2020-08-24,PAR,2020-02-06,2020-06-30,Closed lost,0.0,0.0,8000.0,8000.0,0,Not specified,other,Female,162.0,2020-08-10,2020-03-06,13.87
WD,FT,2020,2020-08-24,PAR,2020-02-06,2020-06-30,Closed lost,800.0,0.0,8000.0,7200.0,0,Not specified,other,Female,159.0,2020-08-10,2020-03-06,16.96
WD,PT,2020,2020-02-06,PAR,2020-03-20,2020-03-31,Closed lost,0.0,0.0,8000.0,8000.0,0,Not specified,Social Media,Female,263.0,2020-08-10,2020-03-20,0.98
DA,FT,2021,2021-11-01,BCN,2020-07-14,2020-09-30,Technical Interview,700.0,0.0,7000.0,6300.0,0,Not specified,other,Female,132.0,2020-04-12,2020-08-31,1144.12
UX,FT,2020,2020-09-11,PAR,2020-07-14,2020-09-30,Closed lost,0.0,0.0,8000.0,8000.0,0,Not specified,newspaperOrMagazine,Female,141.0,2020-08-10,2020-07-20,141.29
DA,FT,2020,2020-08-24,PAR,2020-07-13,2020-09-30,Closed lost,0.0,0.0,8000.0,8000.0,0,Not specified,Referral,Male,125.0,2020-08-10,2020-07-16,67.81
DA,FT,2020,2020-09-11,PAR,2020-07-19,2020-09-30,Closed lost,0.0,0.0,8000.0,8000.0,0,Not specified,other,Male,96.0,2020-10-16,2020-07-28,216.1
UX,FT,2020,2020-09-11,PAR,2020-07-17,2020-09-30,Closed lost,0.0,0.0,8000.0,8000.0,0,Not specified,other,Male,77.0,2020-07-12,2020-07-20,65.61
UX,FT,2020,2020-08-24,PAR,2020-07-17,2020-09-30,Closed lost,0.0,0.0,8000.0,8000.0,0,Not specified,other,Female,134.0,2020-08-10,2020-07-17,0.17
DA,FT,2020,2020-09-11,PAR,2020-05-08,2020-09-30,Closed lost,800.0,0.0,8000.0,7200.0,0,Not specified,Social Media,Male,124.0,2020-11-24,2020-08-24,451.53
WD,FT,2020,2020-08-24,PAR,2020-07-21,2020-09-30,Closed lost,0.0,0.0,8000.0,8000.0,0,Not specified,Referral,Male,123.0,2020-08-10,2020-07-21,4.36
UX,FT,2020,2020-09-11,PAR,2020-07-20,2020-09-30,Closed lost,0.0,0.0,8000.0,8000.0,0,Not specified,other,Female,140.0,2020-08-10,2020-07-21,28.86
WD,FT,2020,2020-08-24,PAR,2020-07-20,2020-09-30,Closed lost,0.0,0.0,8000.0,8000.0,0,Not specified,google,Male,137.0,2020-08-10,2020-07-20,1.01
